measure,dateTime,date,value,completeness,quality,qcode,,,
http://environment.data.gov.uk/hydrology/id/measures/c0d52925-b2bd-4ccd-9538-411b7871e984-rainfall-t-86400-mm-qualified,2000-01-01T09:00:00,01/01/2000,7.013151,Incomplete,Good,,,,0
http://environment.data.gov.uk/hydrology/id/measures/c0d52925-b2bd-4ccd-9538-411b7871e984-rainfall-t-86400-mm-qualified,2000-01-02T09:00:00,02/01/2000,7.013151,Incomplete,Good,,,,0
http://environment.data.gov.uk/hydrology/id/measures/c0d52925-b2bd-4ccd-9538-411b7871e984-rainfall-t-86400-mm-qualified,2000-01-03T09:00:00,03/01/2000,7.013151,Incomplete,Good,,,,
http://environment.data.gov.uk/hydrology/id/measures/c0d52925-b2bd-4ccd-9538-411b7871e984-rainfall-t-86400-mm-qualified,2000-01-04T09:00:00,04/01/2000,7.013151,Incomplete,Good,,,,
http://environment.data.gov.uk/hydrology/id/measures/c0d52925-b2bd-4ccd-9538-411b7871e984-rainfall-t-86400-mm-qualified,2000-01-05T09:00:00,05/01/2000,7.013151,Incomplete,Good,,,,
http://environment.data.gov.uk/hydrology/id/measures/c0d52925-b2bd-4ccd-9538-411b7871e984-rainfall-t-86400-mm-qualified,2000-01-06T09:00:00,06/01/2000,7.013151,Incomplete,Good,,,,
http://environment.data.gov.uk/hydrology/id/measures/c0d52925-b2bd-4ccd-9538-411b7871e984-rainfall-t-86400-mm-qualified,2000-01-07T09:00:00,07/01/2000,7.013151,Incomplete,Good,,,,
http://environment.data.gov.uk/hydrology/id/measures/c0d52925-b2bd-4ccd-9538-411b7871e984-rainfall-t-86400-mm-qualified,2000-01-08T09:00:00,08/01/2000,7.013151,Incomplete,Good,,,,
http://environment.data.gov.uk/hydrology/id/measures/c0d52925-b2bd-4ccd-9538-411b7871e984-rainfall-t-86400-mm-qualified,2000-01-09T09:00:00,09/01/2000,7.013151,Incomplete,Good,,,,
http://environment.data.gov.uk/hydrology/id/measures/c0d52925-b2bd-4ccd-9538-411b7871e984-rainfall-t-86400-mm-qualified,2000-01-10T09:00:00,10/01/2000,7.013151,Incomplete,Good,,,,
http://environment.data.gov.uk/hydrology/id/measures/c0d52925-b2bd-4ccd-9538-411b7871e984-rainfall-t-86400-mm-qualified,2000-01-11T09:00:00,11/01/2000,7.013151,Incomplete,Good,,,,
http://environment.data.gov.uk/hydrology/id/measures/c0d52925-b2bd-4ccd-9538-411b7871e984-rainfall-t-86400-mm-qualified,2000-01-12T09:00:00,12/01/2000,7.013151,Incomplete,Good,,,,
http://environment.data.gov.uk/hydrology/id/measures/c0d52925-b2bd-4ccd-9538-411b7871e984-rainfall-t-86400-mm-qualified,2000-01-13T09:00:00,13/01/2000,7.013151,Incomplete,Good,,,,
http://environment.data.gov.uk/hydrology/id/measures/c0d52925-b2bd-4ccd-9538-411b7871e984-rainfall-t-86400-mm-qualified,2000-01-14T09:00:00,14/01/2000,7.013151,Incomplete,Good,,,,
http://environment.data.gov.uk/hydrology/id/measures/c0d52925-b2bd-4ccd-9538-411b7871e984-rainfall-t-86400-mm-qualified,2000-01-15T09:00:00,15/01/2000,7.013151,Incomplete,Good,,,,
http://environment.data.gov.uk/hydrology/id/measures/c0d52925-b2bd-4ccd-9538-411b7871e984-rainfall-t-86400-mm-qualified,2000-01-16T09:00:00,16/01/2000,7.013151,Incomplete,Good,,,,
http://environment.data.gov.uk/hydrology/id/measures/c0d52925-b2bd-4ccd-9538-411b7871e984-rainfall-t-86400-mm-qualified,2000-01-17T09:00:00,17/01/2000,7.013151,Incomplete,Good,,,,
http://environment.data.gov.uk/hydrology/id/measures/c0d52925-b2bd-4ccd-9538-411b7871e984-rainfall-t-86400-mm-qualified,2000-01-18T09:00:00,18/01/2000,7.013151,Incomplete,Good,,,,
http://environment.data.gov.uk/hydrology/id/measures/c0d52925-b2bd-4ccd-9538-411b7871e984-rainfall-t-86400-mm-qualified,2000-01-19T09:00:00,19/01/2000,7.013151,Incomplete,Good,,,,
http://environment.data.gov.uk/hydrology/id/measures/c0d52925-b2bd-4ccd-9538-411b7871e984-rainfall-t-86400-mm-qualified,2000-01-20T09:00:00,20/01/2000,7.013151,Incomplete,Missing,,,,
http://environment.data.gov.uk/hydrology/id/measures/c0d52925-b2bd-4ccd-9538-411b7871e984-rainfall-t-86400-mm-qualified,2000-01-21T09:00:00,21/01/2000,7.013151,Incomplete,Missing,,,,
http://environment.data.gov.uk/hydrology/id/measures/c0d52925-b2bd-4ccd-9538-411b7871e984-rainfall-t-86400-mm-qualified,2000-01-22T09:00:00,22/01/2000,7.013151,Incomplete,Missing,,,,
http://environment.data.gov.uk/hydrology/id/measures/c0d52925-b2bd-4ccd-9538-411b7871e984-rainfall-t-86400-mm-qualified,2000-01-23T09:00:00,23/01/2000,7.013151,Incomplete,Missing,,,,
http://environment.data.gov.uk/hydrology/id/measures/c0d52925-b2bd-4ccd-9538-411b7871e984-rainfall-t-86400-mm-qualified,2000-01-24T09:00:00,24/01/2000,7.013151,Incomplete,Missing,,,,
http://environment.data.gov.uk/hydrology/id/measures/c0d52925-b2bd-4ccd-9538-411b7871e984-rainfall-t-86400-mm-qualified,2000-01-25T09:00:00,25/01/2000,7.013151,Incomplete,Missing,,,,
http://environment.data.gov.uk/hydrology/id/measures/c0d52925-b2bd-4ccd-9538-411b7871e984-rainfall-t-86400-mm-qualified,2000-01-26T09:00:00,26/01/2000,7.013151,Incomplete,Missing,,,,
http://environment.data.gov.uk/hydrology/id/measures/c0d52925-b2bd-4ccd-9538-411b7871e984-rainfall-t-86400-mm-qualified,2000-01-27T09:00:00,27/01/2000,7.013151,Incomplete,Missing,,,,
http://environment.data.gov.uk/hydrology/id/measures/c0d52925-b2bd-4ccd-9538-411b7871e984-rainfall-t-86400-mm-qualified,2000-01-28T09:00:00,28/01/2000,7.013151,Incomplete,Missing,,,,
http://environment.data.gov.uk/hydrology/id/measures/c0d52925-b2bd-4ccd-9538-411b7871e984-rainfall-t-86400-mm-qualified,2000-01-29T09:00:00,29/01/2000,7.013151,Incomplete,Missing,,,,
http://environment.data.gov.uk/hydrology/id/measures/c0d52925-b2bd-4ccd-9538-411b7871e984-rainfall-t-86400-mm-qualified,2000-01-30T09:00:00,30/01/2000,7.013151,Incomplete,Missing,,,,
http://environment.data.gov.uk/hydrology/id/measures/c0d52925-b2bd-4ccd-9538-411b7871e984-rainfall-t-86400-mm-qualified,2000-01-31T09:00:00,31/01/2000,7.013151,Incomplete,Good,,,,
http://environment.data.gov.uk/hydrology/id/measures/c0d52925-b2bd-4ccd-9538-411b7871e984-rainfall-t-86400-mm-qualified,2000-02-01T09:00:00,01/02/2000,7.013151,Incomplete,Good,,,,
http://environment.data.gov.uk/hydrology/id/measures/c0d52925-b2bd-4ccd-9538-411b7871e984-rainfall-t-86400-mm-qualified,2000-02-02T09:00:00,02/02/2000,7.013151,Incomplete,Estimated,,,,
http://environment.data.gov.uk/hydrology/id/measures/c0d52925-b2bd-4ccd-9538-411b7871e984-rainfall-t-86400-mm-qualified,2000-02-03T09:00:00,03/02/2000,7.013151,Incomplete,Missing,,,,
http://environment.data.gov.uk/hydrology/id/measures/c0d52925-b2bd-4ccd-9538-411b7871e984-rainfall-t-86400-mm-qualified,2000-02-04T09:00:00,04/02/2000,7.013151,Incomplete,Missing,,,,
http://environment.data.gov.uk/hydrology/id/measures/c0d52925-b2bd-4ccd-9538-411b7871e984-rainfall-t-86400-mm-qualified,2000-02-05T09:00:00,05/02/2000,7.013151,Incomplete,Missing,,,,
http://environment.data.gov.uk/hydrology/id/measures/c0d52925-b2bd-4ccd-9538-411b7871e984-rainfall-t-86400-mm-qualified,2000-02-06T09:00:00,06/02/2000,7.013151,Incomplete,Missing,,,,
http://environment.data.gov.uk/hydrology/id/measures/c0d52925-b2bd-4ccd-9538-411b7871e984-rainfall-t-86400-mm-qualified,2000-02-07T09:00:00,07/02/2000,7.013151,Incomplete,Missing,,,,
http://environment.data.gov.uk/hydrology/id/measures/c0d52925-b2bd-4ccd-9538-411b7871e984-rainfall-t-86400-mm-qualified,2000-02-08T09:00:00,08/02/2000,7.013151,Incomplete,Good,,,,
http://environment.data.gov.uk/hydrology/id/measures/c0d52925-b2bd-4ccd-9538-411b7871e984-rainfall-t-86400-mm-qualified,2000-02-09T09:00:00,09/02/2000,7.013151,Incomplete,Good,,,,
http://environment.data.gov.uk/hydrology/id/measures/c0d52925-b2bd-4ccd-9538-411b7871e984-rainfall-t-86400-mm-qualified,2000-02-10T09:00:00,10/02/2000,7.013151,Incomplete,Good,,,,
http://environment.data.gov.uk/hydrology/id/measures/c0d52925-b2bd-4ccd-9538-411b7871e984-rainfall-t-86400-mm-qualified,2000-02-11T09:00:00,11/02/2000,7.013151,Incomplete,Good,,,,
http://environment.data.gov.uk/hydrology/id/measures/c0d52925-b2bd-4ccd-9538-411b7871e984-rainfall-t-86400-mm-qualified,2000-02-12T09:00:00,12/02/2000,7.013151,Incomplete,Good,,,,
http://environment.data.gov.uk/hydrology/id/measures/c0d52925-b2bd-4ccd-9538-411b7871e984-rainfall-t-86400-mm-qualified,2000-02-13T09:00:00,13/02/2000,7.013151,Incomplete,Good,,,,
http://environment.data.gov.uk/hydrology/id/measures/c0d52925-b2bd-4ccd-9538-411b7871e984-rainfall-t-86400-mm-qualified,2000-02-14T09:00:00,14/02/2000,7.013151,Incomplete,Good,,,,
http://environment.data.gov.uk/hydrology/id/measures/c0d52925-b2bd-4ccd-9538-411b7871e984-rainfall-t-86400-mm-qualified,2000-02-15T09:00:00,15/02/2000,7.013151,Incomplete,Good,,,,
http://environment.data.gov.uk/hydrology/id/measures/c0d52925-b2bd-4ccd-9538-411b7871e984-rainfall-t-86400-mm-qualified,2000-02-16T09:00:00,16/02/2000,7.013151,Incomplete,Good,,,,
http://environment.data.gov.uk/hydrology/id/measures/c0d52925-b2bd-4ccd-9538-411b7871e984-rainfall-t-86400-mm-qualified,2000-02-17T09:00:00,17/02/2000,7.013151,Incomplete,Good,,,,
http://environment.data.gov.uk/hydrology/id/measures/c0d52925-b2bd-4ccd-9538-411b7871e984-rainfall-t-86400-mm-qualified,2000-02-18T09:00:00,18/02/2000,7.013151,Incomplete,Good,,,,
http://environment.data.gov.uk/hydrology/id/measures/c0d52925-b2bd-4ccd-9538-411b7871e984-rainfall-t-86400-mm-qualified,2000-02-19T09:00:00,19/02/2000,7.013151,Incomplete,Good,,,,
http://environment.data.gov.uk/hydrology/id/measures/c0d52925-b2bd-4ccd-9538-411b7871e984-rainfall-t-86400-mm-qualified,2000-02-20T09:00:00,20/02/2000,7.013151,Incomplete,Good,,,,
http://environment.data.gov.uk/hydrology/id/measures/c0d52925-b2bd-4ccd-9538-411b7871e984-rainfall-t-86400-mm-qualified,2000-02-21T09:00:00,21/02/2000,7.013151,Incomplete,Good,,,,
http://environment.data.gov.uk/hydrology/id/measures/c0d52925-b2bd-4ccd-9538-411b7871e984-rainfall-t-86400-mm-qualified,2000-02-22T09:00:00,22/02/2000,7.013151,Incomplete,Good,,,,
http://environment.data.gov.uk/hydrology/id/measures/c0d52925-b2bd-4ccd-9538-411b7871e984-rainfall-t-86400-mm-qualified,2000-02-23T09:00:00,23/02/2000,7.013151,Incomplete,Good,,,,
http://environment.data.gov.uk/hydrology/id/measures/c0d52925-b2bd-4ccd-9538-411b7871e984-rainfall-t-86400-mm-qualified,2000-02-24T09:00:00,24/02/2000,7.013151,Incomplete,Good,,,,
http://environment.data.gov.uk/hydrology/id/measures/c0d52925-b2bd-4ccd-9538-411b7871e984-rainfall-t-86400-mm-qualified,2000-02-25T09:00:00,25/02/2000,7.013151,Incomplete,Good,,,,
http://environment.data.gov.uk/hydrology/id/measures/c0d52925-b2bd-4ccd-9538-411b7871e984-rainfall-t-86400-mm-qualified,2000-02-26T09:00:00,26/02/2000,7.013151,Incomplete,Good,,,,
http://environment.data.gov.uk/hydrology/id/measures/c0d52925-b2bd-4ccd-9538-411b7871e984-rainfall-t-86400-mm-qualified,2000-02-27T09:00:00,27/02/2000,7.013151,Incomplete,Good,,,,
http://environment.data.gov.uk/hydrology/id/measures/c0d52925-b2bd-4ccd-9538-411b7871e984-rainfall-t-86400-mm-qualified,2000-02-28T09:00:00,28/02/2000,7.013151,Incomplete,Good,,,,
http://environment.data.gov.uk/hydrology/id/measures/c0d52925-b2bd-4ccd-9538-411b7871e984-rainfall-t-86400-mm-qualified,2000-02-29T09:00:00,29/02/2000,7.013151,Incomplete,Good,,,,
http://environment.data.gov.uk/hydrology/id/measures/c0d52925-b2bd-4ccd-9538-411b7871e984-rainfall-t-86400-mm-qualified,2000-03-01T09:00:00,01/03/2000,7.013151,Incomplete,Good,,,,
http://environment.data.gov.uk/hydrology/id/measures/c0d52925-b2bd-4ccd-9538-411b7871e984-rainfall-t-86400-mm-qualified,2000-03-02T09:00:00,02/03/2000,7.013151,Incomplete,Good,,,,
http://environment.data.gov.uk/hydrology/id/measures/c0d52925-b2bd-4ccd-9538-411b7871e984-rainfall-t-86400-mm-qualified,2000-03-03T09:00:00,03/03/2000,7.013151,Incomplete,Good,,,,
http://environment.data.gov.uk/hydrology/id/measures/c0d52925-b2bd-4ccd-9538-411b7871e984-rainfall-t-86400-mm-qualified,2000-03-04T09:00:00,04/03/2000,7.013151,Incomplete,Good,,,,
http://environment.data.gov.uk/hydrology/id/measures/c0d52925-b2bd-4ccd-9538-411b7871e984-rainfall-t-86400-mm-qualified,2000-03-05T09:00:00,05/03/2000,7.013151,Incomplete,Good,,,,
http://environment.data.gov.uk/hydrology/id/measures/c0d52925-b2bd-4ccd-9538-411b7871e984-rainfall-t-86400-mm-qualified,2000-03-06T09:00:00,06/03/2000,7.013151,Incomplete,Good,,,,
http://environment.data.gov.uk/hydrology/id/measures/c0d52925-b2bd-4ccd-9538-411b7871e984-rainfall-t-86400-mm-qualified,2000-03-07T09:00:00,07/03/2000,7.013151,Incomplete,Good,,,,
http://environment.data.gov.uk/hydrology/id/measures/c0d52925-b2bd-4ccd-9538-411b7871e984-rainfall-t-86400-mm-qualified,2000-03-08T09:00:00,08/03/2000,7.013151,Incomplete,Good,,,,
http://environment.data.gov.uk/hydrology/id/measures/c0d52925-b2bd-4ccd-9538-411b7871e984-rainfall-t-86400-mm-qualified,2000-03-09T09:00:00,09/03/2000,7.013151,Incomplete,Good,,,,
http://environment.data.gov.uk/hydrology/id/measures/c0d52925-b2bd-4ccd-9538-411b7871e984-rainfall-t-86400-mm-qualified,2000-03-10T09:00:00,10/03/2000,7.013151,Incomplete,Good,,,,
http://environment.data.gov.uk/hydrology/id/measures/c0d52925-b2bd-4ccd-9538-411b7871e984-rainfall-t-86400-mm-qualified,2000-03-11T09:00:00,11/03/2000,7.013151,Incomplete,Good,,,,
http://environment.data.gov.uk/hydrology/id/measures/c0d52925-b2bd-4ccd-9538-411b7871e984-rainfall-t-86400-mm-qualified,2000-03-12T09:00:00,12/03/2000,7.013151,Incomplete,Good,,,,
http://environment.data.gov.uk/hydrology/id/measures/c0d52925-b2bd-4ccd-9538-411b7871e984-rainfall-t-86400-mm-qualified,2000-03-13T09:00:00,13/03/2000,7.013151,Incomplete,Good,,,,
http://environment.data.gov.uk/hydrology/id/measures/c0d52925-b2bd-4ccd-9538-411b7871e984-rainfall-t-86400-mm-qualified,2000-03-14T09:00:00,14/03/2000,7.013151,Incomplete,Good,,,,
http://environment.data.gov.uk/hydrology/id/measures/c0d52925-b2bd-4ccd-9538-411b7871e984-rainfall-t-86400-mm-qualified,2000-03-15T09:00:00,15/03/2000,7.013151,Incomplete,Good,,,,
http://environment.data.gov.uk/hydrology/id/measures/c0d52925-b2bd-4ccd-9538-411b7871e984-rainfall-t-86400-mm-qualified,2000-03-16T09:00:00,16/03/2000,7.013151,Incomplete,Good,,,,
http://environment.data.gov.uk/hydrology/id/measures/c0d52925-b2bd-4ccd-9538-411b7871e984-rainfall-t-86400-mm-qualified,2000-03-17T09:00:00,17/03/2000,7.013151,Incomplete,Good,,,,
http://environment.data.gov.uk/hydrology/id/measures/c0d52925-b2bd-4ccd-9538-411b7871e984-rainfall-t-86400-mm-qualified,2000-03-18T09:00:00,18/03/2000,7.013151,Incomplete,Good,,,,
http://environment.data.gov.uk/hydrology/id/measures/c0d52925-b2bd-4ccd-9538-411b7871e984-rainfall-t-86400-mm-qualified,2000-03-19T09:00:00,19/03/2000,7.013151,Incomplete,Good,,,,
http://environment.data.gov.uk/hydrology/id/measures/c0d52925-b2bd-4ccd-9538-411b7871e984-rainfall-t-86400-mm-qualified,2000-03-20T09:00:00,20/03/2000,7.013151,Incomplete,Good,,,,
http://environment.data.gov.uk/hydrology/id/measures/c0d52925-b2bd-4ccd-9538-411b7871e984-rainfall-t-86400-mm-qualified,2000-03-21T09:00:00,21/03/2000,7.013151,Incomplete,Good,,,,
http://environment.data.gov.uk/hydrology/id/measures/c0d52925-b2bd-4ccd-9538-411b7871e984-rainfall-t-86400-mm-qualified,2000-03-22T09:00:00,22/03/2000,7.013151,Incomplete,Good,,,,
http://environment.data.gov.uk/hydrology/id/measures/c0d52925-b2bd-4ccd-9538-411b7871e984-rainfall-t-86400-mm-qualified,2000-03-23T09:00:00,23/03/2000,7.013151,Incomplete,Good,,,,
http://environment.data.gov.uk/hydrology/id/measures/c0d52925-b2bd-4ccd-9538-411b7871e984-rainfall-t-86400-mm-qualified,2000-03-24T09:00:00,24/03/2000,7.013151,Incomplete,Good,,,,
http://environment.data.gov.uk/hydrology/id/measures/c0d52925-b2bd-4ccd-9538-411b7871e984-rainfall-t-86400-mm-qualified,2000-03-25T09:00:00,25/03/2000,7.013151,Incomplete,Good,,,,
http://environment.data.gov.uk/hydrology/id/measures/c0d52925-b2bd-4ccd-9538-411b7871e984-rainfall-t-86400-mm-qualified,2000-03-26T09:00:00,26/03/2000,7.013151,Incomplete,Good,,,,
http://environment.data.gov.uk/hydrology/id/measures/c0d52925-b2bd-4ccd-9538-411b7871e984-rainfall-t-86400-mm-qualified,2000-03-27T09:00:00,27/03/2000,7.013151,Incomplete,Good,,,,
http://environment.data.gov.uk/hydrology/id/measures/c0d52925-b2bd-4ccd-9538-411b7871e984-rainfall-t-86400-mm-qualified,2000-03-28T09:00:00,28/03/2000,7.013151,Incomplete,Good,,,,
http://environment.data.gov.uk/hydrology/id/measures/c0d52925-b2bd-4ccd-9538-411b7871e984-rainfall-t-86400-mm-qualified,2000-03-29T09:00:00,29/03/2000,7.013151,Incomplete,Good,,,,
http://environment.data.gov.uk/hydrology/id/measures/c0d52925-b2bd-4ccd-9538-411b7871e984-rainfall-t-86400-mm-qualified,2000-03-30T09:00:00,30/03/2000,7.013151,Incomplete,Good,,,,
http://environment.data.gov.uk/hydrology/id/measures/c0d52925-b2bd-4ccd-9538-411b7871e984-rainfall-t-86400-mm-qualified,2000-03-31T09:00:00,31/03/2000,7.013151,Incomplete,Good,,,,
http://environment.data.gov.uk/hydrology/id/measures/c0d52925-b2bd-4ccd-9538-411b7871e984-rainfall-t-86400-mm-qualified,2000-04-01T09:00:00,01/04/2000,7.013151,Incomplete,Good,,,,
http://environment.data.gov.uk/hydrology/id/measures/c0d52925-b2bd-4ccd-9538-411b7871e984-rainfall-t-86400-mm-qualified,2000-04-02T09:00:00,02/04/2000,7.013151,Incomplete,Good,,,,
http://environment.data.gov.uk/hydrology/id/measures/c0d52925-b2bd-4ccd-9538-411b7871e984-rainfall-t-86400-mm-qualified,2000-04-03T09:00:00,03/04/2000,7.013151,Incomplete,Good,,,,
http://environment.data.gov.uk/hydrology/id/measures/c0d52925-b2bd-4ccd-9538-411b7871e984-rainfall-t-86400-mm-qualified,2000-04-04T09:00:00,04/04/2000,7.013151,Incomplete,Good,,,,
http://environment.data.gov.uk/hydrology/id/measures/c0d52925-b2bd-4ccd-9538-411b7871e984-rainfall-t-86400-mm-qualified,2000-04-05T09:00:00,05/04/2000,7.013151,Incomplete,Good,,,,
http://environment.data.gov.uk/hydrology/id/measures/c0d52925-b2bd-4ccd-9538-411b7871e984-rainfall-t-86400-mm-qualified,2000-04-06T09:00:00,06/04/2000,7.013151,Incomplete,Good,,,,
http://environment.data.gov.uk/hydrology/id/measures/c0d52925-b2bd-4ccd-9538-411b7871e984-rainfall-t-86400-mm-qualified,2000-04-07T09:00:00,07/04/2000,7.013151,Incomplete,Good,,,,
http://environment.data.gov.uk/hydrology/id/measures/c0d52925-b2bd-4ccd-9538-411b7871e984-rainfall-t-86400-mm-qualified,2000-04-08T09:00:00,08/04/2000,7.013151,Incomplete,Good,,,,
http://environment.data.gov.uk/hydrology/id/measures/c0d52925-b2bd-4ccd-9538-411b7871e984-rainfall-t-86400-mm-qualified,2000-04-09T09:00:00,09/04/2000,7.013151,Incomplete,Good,,,,
http://environment.data.gov.uk/hydrology/id/measures/c0d52925-b2bd-4ccd-9538-411b7871e984-rainfall-t-86400-mm-qualified,2000-04-10T09:00:00,10/04/2000,7.013151,Incomplete,Good,,,,
http://environment.data.gov.uk/hydrology/id/measures/c0d52925-b2bd-4ccd-9538-411b7871e984-rainfall-t-86400-mm-qualified,2000-04-11T09:00:00,11/04/2000,7.013151,Incomplete,Good,,,,
http://environment.data.gov.uk/hydrology/id/measures/c0d52925-b2bd-4ccd-9538-411b7871e984-rainfall-t-86400-mm-qualified,2000-04-12T09:00:00,12/04/2000,7.013151,Incomplete,Good,,,,
http://environment.data.gov.uk/hydrology/id/measures/c0d52925-b2bd-4ccd-9538-411b7871e984-rainfall-t-86400-mm-qualified,2000-04-13T09:00:00,13/04/2000,7.013151,Incomplete,Good,,,,
http://environment.data.gov.uk/hydrology/id/measures/c0d52925-b2bd-4ccd-9538-411b7871e984-rainfall-t-86400-mm-qualified,2000-04-14T09:00:00,14/04/2000,7.013151,Incomplete,Good,,,,
http://environment.data.gov.uk/hydrology/id/measures/c0d52925-b2bd-4ccd-9538-411b7871e984-rainfall-t-86400-mm-qualified,2000-04-15T09:00:00,15/04/2000,7.013151,Incomplete,Good,,,,
http://environment.data.gov.uk/hydrology/id/measures/c0d52925-b2bd-4ccd-9538-411b7871e984-rainfall-t-86400-mm-qualified,2000-04-16T09:00:00,16/04/2000,7.013151,Incomplete,Good,,,,
http://environment.data.gov.uk/hydrology/id/measures/c0d52925-b2bd-4ccd-9538-411b7871e984-rainfall-t-86400-mm-qualified,2000-04-17T09:00:00,17/04/2000,7.013151,Incomplete,Good,,,,
http://environment.data.gov.uk/hydrology/id/measures/c0d52925-b2bd-4ccd-9538-411b7871e984-rainfall-t-86400-mm-qualified,2000-04-18T09:00:00,18/04/2000,7.013151,Incomplete,Good,,,,
http://environment.data.gov.uk/hydrology/id/measures/c0d52925-b2bd-4ccd-9538-411b7871e984-rainfall-t-86400-mm-qualified,2000-04-19T09:00:00,19/04/2000,7.013151,Incomplete,Good,,,,
http://environment.data.gov.uk/hydrology/id/measures/c0d52925-b2bd-4ccd-9538-411b7871e984-rainfall-t-86400-mm-qualified,2000-04-20T09:00:00,20/04/2000,7.013151,Incomplete,Good,,,,
http://environment.data.gov.uk/hydrology/id/measures/c0d52925-b2bd-4ccd-9538-411b7871e984-rainfall-t-86400-mm-qualified,2000-04-21T09:00:00,21/04/2000,7.013151,Incomplete,Good,,,,
http://environment.data.gov.uk/hydrology/id/measures/c0d52925-b2bd-4ccd-9538-411b7871e984-rainfall-t-86400-mm-qualified,2000-04-22T09:00:00,22/04/2000,7.013151,Incomplete,Good,,,,
http://environment.data.gov.uk/hydrology/id/measures/c0d52925-b2bd-4ccd-9538-411b7871e984-rainfall-t-86400-mm-qualified,2000-04-23T09:00:00,23/04/2000,7.013151,Incomplete,Good,,,,
http://environment.data.gov.uk/hydrology/id/measures/c0d52925-b2bd-4ccd-9538-411b7871e984-rainfall-t-86400-mm-qualified,2000-04-24T09:00:00,24/04/2000,7.013151,Incomplete,Good,,,,
http://environment.data.gov.uk/hydrology/id/measures/c0d52925-b2bd-4ccd-9538-411b7871e984-rainfall-t-86400-mm-qualified,2000-04-25T09:00:00,25/04/2000,7.013151,Incomplete,Good,,,,
http://environment.data.gov.uk/hydrology/id/measures/c0d52925-b2bd-4ccd-9538-411b7871e984-rainfall-t-86400-mm-qualified,2000-04-26T09:00:00,26/04/2000,7.013151,Incomplete,Good,,,,
http://environment.data.gov.uk/hydrology/id/measures/c0d52925-b2bd-4ccd-9538-411b7871e984-rainfall-t-86400-mm-qualified,2000-04-27T09:00:00,27/04/2000,7.013151,Incomplete,Good,,,,
http://environment.data.gov.uk/hydrology/id/measures/c0d52925-b2bd-4ccd-9538-411b7871e984-rainfall-t-86400-mm-qualified,2000-04-28T09:00:00,28/04/2000,7.013151,Incomplete,Good,,,,
http://environment.data.gov.uk/hydrology/id/measures/c0d52925-b2bd-4ccd-9538-411b7871e984-rainfall-t-86400-mm-qualified,2000-04-29T09:00:00,29/04/2000,7.013151,Incomplete,Good,,,,
http://environment.data.gov.uk/hydrology/id/measures/c0d52925-b2bd-4ccd-9538-411b7871e984-rainfall-t-86400-mm-qualified,2000-04-30T09:00:00,30/04/2000,7.013151,Incomplete,Good,,,,
http://environment.data.gov.uk/hydrology/id/measures/c0d52925-b2bd-4ccd-9538-411b7871e984-rainfall-t-86400-mm-qualified,2000-05-01T09:00:00,01/05/2000,7.013151,Incomplete,Good,,,,
http://environment.data.gov.uk/hydrology/id/measures/c0d52925-b2bd-4ccd-9538-411b7871e984-rainfall-t-86400-mm-qualified,2000-05-02T09:00:00,02/05/2000,7.013151,Incomplete,Good,,,,
http://environment.data.gov.uk/hydrology/id/measures/c0d52925-b2bd-4ccd-9538-411b7871e984-rainfall-t-86400-mm-qualified,2000-05-03T09:00:00,03/05/2000,7.013151,Incomplete,Good,,,,
http://environment.data.gov.uk/hydrology/id/measures/c0d52925-b2bd-4ccd-9538-411b7871e984-rainfall-t-86400-mm-qualified,2000-05-04T09:00:00,04/05/2000,7.013151,Incomplete,Good,,,,
http://environment.data.gov.uk/hydrology/id/measures/c0d52925-b2bd-4ccd-9538-411b7871e984-rainfall-t-86400-mm-qualified,2000-05-05T09:00:00,05/05/2000,7.013151,Incomplete,Good,,,,
http://environment.data.gov.uk/hydrology/id/measures/c0d52925-b2bd-4ccd-9538-411b7871e984-rainfall-t-86400-mm-qualified,2000-05-06T09:00:00,06/05/2000,7.013151,Incomplete,Good,,,,
http://environment.data.gov.uk/hydrology/id/measures/c0d52925-b2bd-4ccd-9538-411b7871e984-rainfall-t-86400-mm-qualified,2000-05-07T09:00:00,07/05/2000,7.013151,Incomplete,Good,,,,
http://environment.data.gov.uk/hydrology/id/measures/c0d52925-b2bd-4ccd-9538-411b7871e984-rainfall-t-86400-mm-qualified,2000-05-08T09:00:00,08/05/2000,7.013151,Incomplete,Good,,,,
http://environment.data.gov.uk/hydrology/id/measures/c0d52925-b2bd-4ccd-9538-411b7871e984-rainfall-t-86400-mm-qualified,2000-05-09T09:00:00,09/05/2000,7.013151,Incomplete,Good,,,,
http://environment.data.gov.uk/hydrology/id/measures/c0d52925-b2bd-4ccd-9538-411b7871e984-rainfall-t-86400-mm-qualified,2000-05-10T09:00:00,10/05/2000,7.013151,Incomplete,Good,,,,
http://environment.data.gov.uk/hydrology/id/measures/c0d52925-b2bd-4ccd-9538-411b7871e984-rainfall-t-86400-mm-qualified,2000-05-11T09:00:00,11/05/2000,7.013151,Incomplete,Good,,,,
http://environment.data.gov.uk/hydrology/id/measures/c0d52925-b2bd-4ccd-9538-411b7871e984-rainfall-t-86400-mm-qualified,2000-05-12T09:00:00,12/05/2000,7.013151,Incomplete,Good,,,,
http://environment.data.gov.uk/hydrology/id/measures/c0d52925-b2bd-4ccd-9538-411b7871e984-rainfall-t-86400-mm-qualified,2000-05-13T09:00:00,13/05/2000,7.013151,Incomplete,Good,,,,
http://environment.data.gov.uk/hydrology/id/measures/c0d52925-b2bd-4ccd-9538-411b7871e984-rainfall-t-86400-mm-qualified,2000-05-14T09:00:00,14/05/2000,7.013151,Incomplete,Good,,,,
http://environment.data.gov.uk/hydrology/id/measures/c0d52925-b2bd-4ccd-9538-411b7871e984-rainfall-t-86400-mm-qualified,2000-05-15T09:00:00,15/05/2000,7.013151,Incomplete,Good,,,,
http://environment.data.gov.uk/hydrology/id/measures/c0d52925-b2bd-4ccd-9538-411b7871e984-rainfall-t-86400-mm-qualified,2000-05-16T09:00:00,16/05/2000,7.013151,Incomplete,Good,,,,
http://environment.data.gov.uk/hydrology/id/measures/c0d52925-b2bd-4ccd-9538-411b7871e984-rainfall-t-86400-mm-qualified,2000-05-17T09:00:00,17/05/2000,7.013151,Incomplete,Good,,,,
http://environment.data.gov.uk/hydrology/id/measures/c0d52925-b2bd-4ccd-9538-411b7871e984-rainfall-t-86400-mm-qualified,2000-05-18T09:00:00,18/05/2000,7.013151,Incomplete,Good,,,,
http://environment.data.gov.uk/hydrology/id/measures/c0d52925-b2bd-4ccd-9538-411b7871e984-rainfall-t-86400-mm-qualified,2000-05-19T09:00:00,19/05/2000,7.013151,Incomplete,Good,,,,
http://environment.data.gov.uk/hydrology/id/measures/c0d52925-b2bd-4ccd-9538-411b7871e984-rainfall-t-86400-mm-qualified,2000-05-20T09:00:00,20/05/2000,7.013151,Incomplete,Good,,,,
http://environment.data.gov.uk/hydrology/id/measures/c0d52925-b2bd-4ccd-9538-411b7871e984-rainfall-t-86400-mm-qualified,2000-05-21T09:00:00,21/05/2000,7.013151,Incomplete,Good,,,,
http://environment.data.gov.uk/hydrology/id/measures/c0d52925-b2bd-4ccd-9538-411b7871e984-rainfall-t-86400-mm-qualified,2000-05-22T09:00:00,22/05/2000,7.013151,Incomplete,Good,,,,
http://environment.data.gov.uk/hydrology/id/measures/c0d52925-b2bd-4ccd-9538-411b7871e984-rainfall-t-86400-mm-qualified,2000-05-23T09:00:00,23/05/2000,7.013151,Incomplete,Good,,,,
http://environment.data.gov.uk/hydrology/id/measures/c0d52925-b2bd-4ccd-9538-411b7871e984-rainfall-t-86400-mm-qualified,2000-05-24T09:00:00,24/05/2000,7.013151,Incomplete,Good,,,,
http://environment.data.gov.uk/hydrology/id/measures/c0d52925-b2bd-4ccd-9538-411b7871e984-rainfall-t-86400-mm-qualified,2000-05-25T09:00:00,25/05/2000,7.013151,Incomplete,Good,,,,
http://environment.data.gov.uk/hydrology/id/measures/c0d52925-b2bd-4ccd-9538-411b7871e984-rainfall-t-86400-mm-qualified,2000-05-26T09:00:00,26/05/2000,7.013151,Incomplete,Good,,,,
http://environment.data.gov.uk/hydrology/id/measures/c0d52925-b2bd-4ccd-9538-411b7871e984-rainfall-t-86400-mm-qualified,2000-05-27T09:00:00,27/05/2000,7.013151,Incomplete,Good,,,,
http://environment.data.gov.uk/hydrology/id/measures/c0d52925-b2bd-4ccd-9538-411b7871e984-rainfall-t-86400-mm-qualified,2000-05-28T09:00:00,28/05/2000,7.013151,Incomplete,Good,,,,
http://environment.data.gov.uk/hydrology/id/measures/c0d52925-b2bd-4ccd-9538-411b7871e984-rainfall-t-86400-mm-qualified,2000-05-29T09:00:00,29/05/2000,7.013151,Incomplete,Good,,,,
http://environment.data.gov.uk/hydrology/id/measures/c0d52925-b2bd-4ccd-9538-411b7871e984-rainfall-t-86400-mm-qualified,2000-05-30T09:00:00,30/05/2000,7.013151,Incomplete,Good,,,,
http://environment.data.gov.uk/hydrology/id/measures/c0d52925-b2bd-4ccd-9538-411b7871e984-rainfall-t-86400-mm-qualified,2000-05-31T09:00:00,31/05/2000,7.013151,Incomplete,Good,,,,
http://environment.data.gov.uk/hydrology/id/measures/c0d52925-b2bd-4ccd-9538-411b7871e984-rainfall-t-86400-mm-qualified,2000-06-01T09:00:00,01/06/2000,7.013151,Incomplete,Good,,,,
http://environment.data.gov.uk/hydrology/id/measures/c0d52925-b2bd-4ccd-9538-411b7871e984-rainfall-t-86400-mm-qualified,2000-06-02T09:00:00,02/06/2000,7.013151,Incomplete,Good,,,,
http://environment.data.gov.uk/hydrology/id/measures/c0d52925-b2bd-4ccd-9538-411b7871e984-rainfall-t-86400-mm-qualified,2000-06-03T09:00:00,03/06/2000,7.013151,Incomplete,Good,,,,
http://environment.data.gov.uk/hydrology/id/measures/c0d52925-b2bd-4ccd-9538-411b7871e984-rainfall-t-86400-mm-qualified,2000-06-04T09:00:00,04/06/2000,7.013151,Incomplete,Good,,,,
http://environment.data.gov.uk/hydrology/id/measures/c0d52925-b2bd-4ccd-9538-411b7871e984-rainfall-t-86400-mm-qualified,2000-06-05T09:00:00,05/06/2000,7.013151,Incomplete,Good,,,,
http://environment.data.gov.uk/hydrology/id/measures/c0d52925-b2bd-4ccd-9538-411b7871e984-rainfall-t-86400-mm-qualified,2000-06-06T09:00:00,06/06/2000,7.013151,Incomplete,Good,,,,
http://environment.data.gov.uk/hydrology/id/measures/c0d52925-b2bd-4ccd-9538-411b7871e984-rainfall-t-86400-mm-qualified,2000-06-07T09:00:00,07/06/2000,7.013151,Incomplete,Good,,,,
http://environment.data.gov.uk/hydrology/id/measures/c0d52925-b2bd-4ccd-9538-411b7871e984-rainfall-t-86400-mm-qualified,2000-06-08T09:00:00,08/06/2000,7.013151,Incomplete,Good,,,,
http://environment.data.gov.uk/hydrology/id/measures/c0d52925-b2bd-4ccd-9538-411b7871e984-rainfall-t-86400-mm-qualified,2000-06-09T09:00:00,09/06/2000,7.013151,Incomplete,Good,,,,
http://environment.data.gov.uk/hydrology/id/measures/c0d52925-b2bd-4ccd-9538-411b7871e984-rainfall-t-86400-mm-qualified,2000-06-10T09:00:00,10/06/2000,7.013151,Incomplete,Good,,,,
http://environment.data.gov.uk/hydrology/id/measures/c0d52925-b2bd-4ccd-9538-411b7871e984-rainfall-t-86400-mm-qualified,2000-06-11T09:00:00,11/06/2000,7.013151,Incomplete,Good,,,,
http://environment.data.gov.uk/hydrology/id/measures/c0d52925-b2bd-4ccd-9538-411b7871e984-rainfall-t-86400-mm-qualified,2000-06-12T09:00:00,12/06/2000,7.013151,Incomplete,Good,,,,
http://environment.data.gov.uk/hydrology/id/measures/c0d52925-b2bd-4ccd-9538-411b7871e984-rainfall-t-86400-mm-qualified,2000-06-13T09:00:00,13/06/2000,7.013151,Incomplete,Good,,,,
http://environment.data.gov.uk/hydrology/id/measures/c0d52925-b2bd-4ccd-9538-411b7871e984-rainfall-t-86400-mm-qualified,2000-06-14T09:00:00,14/06/2000,7.013151,Incomplete,Good,,,,
http://environment.data.gov.uk/hydrology/id/measures/c0d52925-b2bd-4ccd-9538-411b7871e984-rainfall-t-86400-mm-qualified,2000-06-15T09:00:00,15/06/2000,7.013151,Incomplete,Good,,,,
http://environment.data.gov.uk/hydrology/id/measures/c0d52925-b2bd-4ccd-9538-411b7871e984-rainfall-t-86400-mm-qualified,2000-06-16T09:00:00,16/06/2000,7.013151,Incomplete,Good,,,,
http://environment.data.gov.uk/hydrology/id/measures/c0d52925-b2bd-4ccd-9538-411b7871e984-rainfall-t-86400-mm-qualified,2000-06-17T09:00:00,17/06/2000,7.013151,Incomplete,Good,,,,
http://environment.data.gov.uk/hydrology/id/measures/c0d52925-b2bd-4ccd-9538-411b7871e984-rainfall-t-86400-mm-qualified,2000-06-18T09:00:00,18/06/2000,7.013151,Incomplete,Good,,,,
http://environment.data.gov.uk/hydrology/id/measures/c0d52925-b2bd-4ccd-9538-411b7871e984-rainfall-t-86400-mm-qualified,2000-06-19T09:00:00,19/06/2000,7.013151,Incomplete,Good,,,,
http://environment.data.gov.uk/hydrology/id/measures/c0d52925-b2bd-4ccd-9538-411b7871e984-rainfall-t-86400-mm-qualified,2000-06-20T09:00:00,20/06/2000,7.013151,Incomplete,Good,,,,
http://environment.data.gov.uk/hydrology/id/measures/c0d52925-b2bd-4ccd-9538-411b7871e984-rainfall-t-86400-mm-qualified,2000-06-21T09:00:00,21/06/2000,7.013151,Incomplete,Good,,,,
http://environment.data.gov.uk/hydrology/id/measures/c0d52925-b2bd-4ccd-9538-411b7871e984-rainfall-t-86400-mm-qualified,2000-06-22T09:00:00,22/06/2000,7.013151,Incomplete,Good,,,,
http://environment.data.gov.uk/hydrology/id/measures/c0d52925-b2bd-4ccd-9538-411b7871e984-rainfall-t-86400-mm-qualified,2000-06-23T09:00:00,23/06/2000,7.013151,Incomplete,Good,,,,
http://environment.data.gov.uk/hydrology/id/measures/c0d52925-b2bd-4ccd-9538-411b7871e984-rainfall-t-86400-mm-qualified,2000-06-24T09:00:00,24/06/2000,7.013151,Incomplete,Good,,,,
http://environment.data.gov.uk/hydrology/id/measures/c0d52925-b2bd-4ccd-9538-411b7871e984-rainfall-t-86400-mm-qualified,2000-06-25T09:00:00,25/06/2000,7.013151,Incomplete,Good,,,,
http://environment.data.gov.uk/hydrology/id/measures/c0d52925-b2bd-4ccd-9538-411b7871e984-rainfall-t-86400-mm-qualified,2000-06-26T09:00:00,26/06/2000,7.013151,Incomplete,Good,,,,
http://environment.data.gov.uk/hydrology/id/measures/c0d52925-b2bd-4ccd-9538-411b7871e984-rainfall-t-86400-mm-qualified,2000-06-27T09:00:00,27/06/2000,7.013151,Incomplete,Good,,,,
http://environment.data.gov.uk/hydrology/id/measures/c0d52925-b2bd-4ccd-9538-411b7871e984-rainfall-t-86400-mm-qualified,2000-06-28T09:00:00,28/06/2000,7.013151,Incomplete,Good,,,,
http://environment.data.gov.uk/hydrology/id/measures/c0d52925-b2bd-4ccd-9538-411b7871e984-rainfall-t-86400-mm-qualified,2000-06-29T09:00:00,29/06/2000,7.013151,Incomplete,Good,,,,
http://environment.data.gov.uk/hydrology/id/measures/c0d52925-b2bd-4ccd-9538-411b7871e984-rainfall-t-86400-mm-qualified,2000-06-30T09:00:00,30/06/2000,7.013151,Incomplete,Good,,,,
http://environment.data.gov.uk/hydrology/id/measures/c0d52925-b2bd-4ccd-9538-411b7871e984-rainfall-t-86400-mm-qualified,2000-07-01T09:00:00,01/07/2000,7.013151,Incomplete,Good,,,,
http://environment.data.gov.uk/hydrology/id/measures/c0d52925-b2bd-4ccd-9538-411b7871e984-rainfall-t-86400-mm-qualified,2000-07-02T09:00:00,02/07/2000,7.013151,Incomplete,Good,,,,
http://environment.data.gov.uk/hydrology/id/measures/c0d52925-b2bd-4ccd-9538-411b7871e984-rainfall-t-86400-mm-qualified,2000-07-03T09:00:00,03/07/2000,7.013151,Incomplete,Good,,,,
http://environment.data.gov.uk/hydrology/id/measures/c0d52925-b2bd-4ccd-9538-411b7871e984-rainfall-t-86400-mm-qualified,2000-07-04T09:00:00,04/07/2000,7.013151,Incomplete,Suspect,,,,
http://environment.data.gov.uk/hydrology/id/measures/c0d52925-b2bd-4ccd-9538-411b7871e984-rainfall-t-86400-mm-qualified,2000-07-05T09:00:00,05/07/2000,7.013151,Incomplete,Suspect,,,,
http://environment.data.gov.uk/hydrology/id/measures/c0d52925-b2bd-4ccd-9538-411b7871e984-rainfall-t-86400-mm-qualified,2000-07-06T09:00:00,06/07/2000,7.013151,Incomplete,Good,,,,
http://environment.data.gov.uk/hydrology/id/measures/c0d52925-b2bd-4ccd-9538-411b7871e984-rainfall-t-86400-mm-qualified,2000-07-07T09:00:00,07/07/2000,7.013151,Incomplete,Good,,,,
http://environment.data.gov.uk/hydrology/id/measures/c0d52925-b2bd-4ccd-9538-411b7871e984-rainfall-t-86400-mm-qualified,2000-07-08T09:00:00,08/07/2000,7.013151,Incomplete,Good,,,,
http://environment.data.gov.uk/hydrology/id/measures/c0d52925-b2bd-4ccd-9538-411b7871e984-rainfall-t-86400-mm-qualified,2000-07-09T09:00:00,09/07/2000,7.013151,Incomplete,Good,,,,
http://environment.data.gov.uk/hydrology/id/measures/c0d52925-b2bd-4ccd-9538-411b7871e984-rainfall-t-86400-mm-qualified,2000-07-10T09:00:00,10/07/2000,7.013151,Incomplete,Good,,,,
http://environment.data.gov.uk/hydrology/id/measures/c0d52925-b2bd-4ccd-9538-411b7871e984-rainfall-t-86400-mm-qualified,2000-07-11T09:00:00,11/07/2000,7.013151,Incomplete,Good,,,,
http://environment.data.gov.uk/hydrology/id/measures/c0d52925-b2bd-4ccd-9538-411b7871e984-rainfall-t-86400-mm-qualified,2000-07-12T09:00:00,12/07/2000,7.013151,Incomplete,Good,,,,
http://environment.data.gov.uk/hydrology/id/measures/c0d52925-b2bd-4ccd-9538-411b7871e984-rainfall-t-86400-mm-qualified,2000-07-13T09:00:00,13/07/2000,7.013151,Incomplete,Good,,,,
http://environment.data.gov.uk/hydrology/id/measures/c0d52925-b2bd-4ccd-9538-411b7871e984-rainfall-t-86400-mm-qualified,2000-07-14T09:00:00,14/07/2000,7.013151,Incomplete,Good,,,,
http://environment.data.gov.uk/hydrology/id/measures/c0d52925-b2bd-4ccd-9538-411b7871e984-rainfall-t-86400-mm-qualified,2000-07-15T09:00:00,15/07/2000,7.013151,Incomplete,Good,,,,
http://environment.data.gov.uk/hydrology/id/measures/c0d52925-b2bd-4ccd-9538-411b7871e984-rainfall-t-86400-mm-qualified,2000-07-16T09:00:00,16/07/2000,7.013151,Incomplete,Good,,,,
http://environment.data.gov.uk/hydrology/id/measures/c0d52925-b2bd-4ccd-9538-411b7871e984-rainfall-t-86400-mm-qualified,2000-07-17T09:00:00,17/07/2000,7.013151,Incomplete,Good,,,,
http://environment.data.gov.uk/hydrology/id/measures/c0d52925-b2bd-4ccd-9538-411b7871e984-rainfall-t-86400-mm-qualified,2000-07-18T09:00:00,18/07/2000,7.013151,Incomplete,Good,,,,
http://environment.data.gov.uk/hydrology/id/measures/c0d52925-b2bd-4ccd-9538-411b7871e984-rainfall-t-86400-mm-qualified,2000-07-19T09:00:00,19/07/2000,7.013151,Incomplete,Good,,,,
http://environment.data.gov.uk/hydrology/id/measures/c0d52925-b2bd-4ccd-9538-411b7871e984-rainfall-t-86400-mm-qualified,2000-07-20T09:00:00,20/07/2000,7.013151,Incomplete,Good,,,,
http://environment.data.gov.uk/hydrology/id/measures/c0d52925-b2bd-4ccd-9538-411b7871e984-rainfall-t-86400-mm-qualified,2000-07-21T09:00:00,21/07/2000,7.013151,Incomplete,Good,,,,
http://environment.data.gov.uk/hydrology/id/measures/c0d52925-b2bd-4ccd-9538-411b7871e984-rainfall-t-86400-mm-qualified,2000-07-22T09:00:00,22/07/2000,7.013151,Incomplete,Good,,,,
http://environment.data.gov.uk/hydrology/id/measures/c0d52925-b2bd-4ccd-9538-411b7871e984-rainfall-t-86400-mm-qualified,2000-07-23T09:00:00,23/07/2000,7.013151,Incomplete,Good,,,,
http://environment.data.gov.uk/hydrology/id/measures/c0d52925-b2bd-4ccd-9538-411b7871e984-rainfall-t-86400-mm-qualified,2000-07-24T09:00:00,24/07/2000,7.013151,Incomplete,Good,,,,
http://environment.data.gov.uk/hydrology/id/measures/c0d52925-b2bd-4ccd-9538-411b7871e984-rainfall-t-86400-mm-qualified,2000-07-25T09:00:00,25/07/2000,7.013151,Incomplete,Good,,,,
http://environment.data.gov.uk/hydrology/id/measures/c0d52925-b2bd-4ccd-9538-411b7871e984-rainfall-t-86400-mm-qualified,2000-07-26T09:00:00,26/07/2000,7.013151,Incomplete,Good,,,,
http://environment.data.gov.uk/hydrology/id/measures/c0d52925-b2bd-4ccd-9538-411b7871e984-rainfall-t-86400-mm-qualified,2000-07-27T09:00:00,27/07/2000,7.013151,Incomplete,Good,,,,
http://environment.data.gov.uk/hydrology/id/measures/c0d52925-b2bd-4ccd-9538-411b7871e984-rainfall-t-86400-mm-qualified,2000-07-28T09:00:00,28/07/2000,7.013151,Incomplete,Good,,,,
http://environment.data.gov.uk/hydrology/id/measures/c0d52925-b2bd-4ccd-9538-411b7871e984-rainfall-t-86400-mm-qualified,2000-07-29T09:00:00,29/07/2000,7.013151,Incomplete,Good,,,,
http://environment.data.gov.uk/hydrology/id/measures/c0d52925-b2bd-4ccd-9538-411b7871e984-rainfall-t-86400-mm-qualified,2000-07-30T09:00:00,30/07/2000,7.013151,Incomplete,Good,,,,
http://environment.data.gov.uk/hydrology/id/measures/c0d52925-b2bd-4ccd-9538-411b7871e984-rainfall-t-86400-mm-qualified,2000-07-31T09:00:00,31/07/2000,7.013151,Incomplete,Good,,,,
http://environment.data.gov.uk/hydrology/id/measures/c0d52925-b2bd-4ccd-9538-411b7871e984-rainfall-t-86400-mm-qualified,2000-08-01T09:00:00,01/08/2000,7.013151,Incomplete,Good,,,,
http://environment.data.gov.uk/hydrology/id/measures/c0d52925-b2bd-4ccd-9538-411b7871e984-rainfall-t-86400-mm-qualified,2000-08-02T09:00:00,02/08/2000,7.013151,Incomplete,Good,,,,
http://environment.data.gov.uk/hydrology/id/measures/c0d52925-b2bd-4ccd-9538-411b7871e984-rainfall-t-86400-mm-qualified,2000-08-03T09:00:00,03/08/2000,7.013151,Incomplete,Good,,,,
http://environment.data.gov.uk/hydrology/id/measures/c0d52925-b2bd-4ccd-9538-411b7871e984-rainfall-t-86400-mm-qualified,2000-08-04T09:00:00,04/08/2000,7.013151,Incomplete,Good,,,,
http://environment.data.gov.uk/hydrology/id/measures/c0d52925-b2bd-4ccd-9538-411b7871e984-rainfall-t-86400-mm-qualified,2000-08-05T09:00:00,05/08/2000,7.013151,Incomplete,Good,,,,
http://environment.data.gov.uk/hydrology/id/measures/c0d52925-b2bd-4ccd-9538-411b7871e984-rainfall-t-86400-mm-qualified,2000-08-06T09:00:00,06/08/2000,7.013151,Incomplete,Good,,,,
http://environment.data.gov.uk/hydrology/id/measures/c0d52925-b2bd-4ccd-9538-411b7871e984-rainfall-t-86400-mm-qualified,2000-08-07T09:00:00,07/08/2000,7.013151,Incomplete,Good,,,,
http://environment.data.gov.uk/hydrology/id/measures/c0d52925-b2bd-4ccd-9538-411b7871e984-rainfall-t-86400-mm-qualified,2000-08-08T09:00:00,08/08/2000,7.013151,Incomplete,Good,,,,
http://environment.data.gov.uk/hydrology/id/measures/c0d52925-b2bd-4ccd-9538-411b7871e984-rainfall-t-86400-mm-qualified,2000-08-09T09:00:00,09/08/2000,7.013151,Incomplete,Good,,,,
http://environment.data.gov.uk/hydrology/id/measures/c0d52925-b2bd-4ccd-9538-411b7871e984-rainfall-t-86400-mm-qualified,2000-08-10T09:00:00,10/08/2000,7.013151,Incomplete,Good,,,,
http://environment.data.gov.uk/hydrology/id/measures/c0d52925-b2bd-4ccd-9538-411b7871e984-rainfall-t-86400-mm-qualified,2000-08-11T09:00:00,11/08/2000,7.013151,Incomplete,Good,,,,
http://environment.data.gov.uk/hydrology/id/measures/c0d52925-b2bd-4ccd-9538-411b7871e984-rainfall-t-86400-mm-qualified,2000-08-12T09:00:00,12/08/2000,7.013151,Incomplete,Good,,,,
http://environment.data.gov.uk/hydrology/id/measures/c0d52925-b2bd-4ccd-9538-411b7871e984-rainfall-t-86400-mm-qualified,2000-08-13T09:00:00,13/08/2000,7.013151,Incomplete,Good,,,,
http://environment.data.gov.uk/hydrology/id/measures/c0d52925-b2bd-4ccd-9538-411b7871e984-rainfall-t-86400-mm-qualified,2000-08-14T09:00:00,14/08/2000,7.013151,Incomplete,Good,,,,
http://environment.data.gov.uk/hydrology/id/measures/c0d52925-b2bd-4ccd-9538-411b7871e984-rainfall-t-86400-mm-qualified,2000-08-15T09:00:00,15/08/2000,7.013151,Incomplete,Good,,,,
http://environment.data.gov.uk/hydrology/id/measures/c0d52925-b2bd-4ccd-9538-411b7871e984-rainfall-t-86400-mm-qualified,2000-08-16T09:00:00,16/08/2000,7.013151,Incomplete,Good,,,,
http://environment.data.gov.uk/hydrology/id/measures/c0d52925-b2bd-4ccd-9538-411b7871e984-rainfall-t-86400-mm-qualified,2000-08-17T09:00:00,17/08/2000,7.013151,Incomplete,Good,,,,
http://environment.data.gov.uk/hydrology/id/measures/c0d52925-b2bd-4ccd-9538-411b7871e984-rainfall-t-86400-mm-qualified,2000-08-18T09:00:00,18/08/2000,7.013151,Incomplete,Good,,,,
http://environment.data.gov.uk/hydrology/id/measures/c0d52925-b2bd-4ccd-9538-411b7871e984-rainfall-t-86400-mm-qualified,2000-08-19T09:00:00,19/08/2000,7.013151,Incomplete,Good,,,,
http://environment.data.gov.uk/hydrology/id/measures/c0d52925-b2bd-4ccd-9538-411b7871e984-rainfall-t-86400-mm-qualified,2000-08-20T09:00:00,20/08/2000,7.013151,Incomplete,Good,,,,
http://environment.data.gov.uk/hydrology/id/measures/c0d52925-b2bd-4ccd-9538-411b7871e984-rainfall-t-86400-mm-qualified,2000-08-21T09:00:00,21/08/2000,7.013151,Incomplete,Good,,,,
http://environment.data.gov.uk/hydrology/id/measures/c0d52925-b2bd-4ccd-9538-411b7871e984-rainfall-t-86400-mm-qualified,2000-08-22T09:00:00,22/08/2000,7.013151,Incomplete,Good,,,,
http://environment.data.gov.uk/hydrology/id/measures/c0d52925-b2bd-4ccd-9538-411b7871e984-rainfall-t-86400-mm-qualified,2000-08-23T09:00:00,23/08/2000,7.013151,Incomplete,Good,,,,
http://environment.data.gov.uk/hydrology/id/measures/c0d52925-b2bd-4ccd-9538-411b7871e984-rainfall-t-86400-mm-qualified,2000-08-24T09:00:00,24/08/2000,7.013151,Incomplete,Good,,,,
http://environment.data.gov.uk/hydrology/id/measures/c0d52925-b2bd-4ccd-9538-411b7871e984-rainfall-t-86400-mm-qualified,2000-08-25T09:00:00,25/08/2000,7.013151,Incomplete,Good,,,,
http://environment.data.gov.uk/hydrology/id/measures/c0d52925-b2bd-4ccd-9538-411b7871e984-rainfall-t-86400-mm-qualified,2000-08-26T09:00:00,26/08/2000,7.013151,Incomplete,Good,,,,
http://environment.data.gov.uk/hydrology/id/measures/c0d52925-b2bd-4ccd-9538-411b7871e984-rainfall-t-86400-mm-qualified,2000-08-27T09:00:00,27/08/2000,7.013151,Incomplete,Good,,,,
http://environment.data.gov.uk/hydrology/id/measures/c0d52925-b2bd-4ccd-9538-411b7871e984-rainfall-t-86400-mm-qualified,2000-08-28T09:00:00,28/08/2000,7.013151,Incomplete,Good,,,,
http://environment.data.gov.uk/hydrology/id/measures/c0d52925-b2bd-4ccd-9538-411b7871e984-rainfall-t-86400-mm-qualified,2000-08-29T09:00:00,29/08/2000,7.013151,Incomplete,Good,,,,
http://environment.data.gov.uk/hydrology/id/measures/c0d52925-b2bd-4ccd-9538-411b7871e984-rainfall-t-86400-mm-qualified,2000-08-30T09:00:00,30/08/2000,7.013151,Incomplete,Good,,,,
http://environment.data.gov.uk/hydrology/id/measures/c0d52925-b2bd-4ccd-9538-411b7871e984-rainfall-t-86400-mm-qualified,2000-08-31T09:00:00,31/08/2000,7.013151,Incomplete,Good,,,,
http://environment.data.gov.uk/hydrology/id/measures/c0d52925-b2bd-4ccd-9538-411b7871e984-rainfall-t-86400-mm-qualified,2000-09-01T09:00:00,01/09/2000,7.013151,Incomplete,Good,,,,
http://environment.data.gov.uk/hydrology/id/measures/c0d52925-b2bd-4ccd-9538-411b7871e984-rainfall-t-86400-mm-qualified,2000-09-02T09:00:00,02/09/2000,7.013151,Incomplete,Good,,,,
http://environment.data.gov.uk/hydrology/id/measures/c0d52925-b2bd-4ccd-9538-411b7871e984-rainfall-t-86400-mm-qualified,2000-09-03T09:00:00,03/09/2000,7.013151,Incomplete,Good,,,,
http://environment.data.gov.uk/hydrology/id/measures/c0d52925-b2bd-4ccd-9538-411b7871e984-rainfall-t-86400-mm-qualified,2000-09-04T09:00:00,04/09/2000,7.013151,Incomplete,Good,,,,
http://environment.data.gov.uk/hydrology/id/measures/c0d52925-b2bd-4ccd-9538-411b7871e984-rainfall-t-86400-mm-qualified,2000-09-05T09:00:00,05/09/2000,7.013151,Incomplete,Good,,,,
http://environment.data.gov.uk/hydrology/id/measures/c0d52925-b2bd-4ccd-9538-411b7871e984-rainfall-t-86400-mm-qualified,2000-09-06T09:00:00,06/09/2000,7.013151,Incomplete,Good,,,,
http://environment.data.gov.uk/hydrology/id/measures/c0d52925-b2bd-4ccd-9538-411b7871e984-rainfall-t-86400-mm-qualified,2000-09-07T09:00:00,07/09/2000,7.013151,Incomplete,Good,,,,
http://environment.data.gov.uk/hydrology/id/measures/c0d52925-b2bd-4ccd-9538-411b7871e984-rainfall-t-86400-mm-qualified,2000-09-08T09:00:00,08/09/2000,7.013151,Incomplete,Good,,,,
http://environment.data.gov.uk/hydrology/id/measures/c0d52925-b2bd-4ccd-9538-411b7871e984-rainfall-t-86400-mm-qualified,2000-09-09T09:00:00,09/09/2000,7.013151,Incomplete,Good,,,,
http://environment.data.gov.uk/hydrology/id/measures/c0d52925-b2bd-4ccd-9538-411b7871e984-rainfall-t-86400-mm-qualified,2000-09-10T09:00:00,10/09/2000,7.013151,Incomplete,Good,,,,
http://environment.data.gov.uk/hydrology/id/measures/c0d52925-b2bd-4ccd-9538-411b7871e984-rainfall-t-86400-mm-qualified,2000-09-11T09:00:00,11/09/2000,7.013151,Incomplete,Good,,,,
http://environment.data.gov.uk/hydrology/id/measures/c0d52925-b2bd-4ccd-9538-411b7871e984-rainfall-t-86400-mm-qualified,2000-09-12T09:00:00,12/09/2000,7.013151,Incomplete,Good,,,,
http://environment.data.gov.uk/hydrology/id/measures/c0d52925-b2bd-4ccd-9538-411b7871e984-rainfall-t-86400-mm-qualified,2000-09-13T09:00:00,13/09/2000,7.013151,Incomplete,Good,,,,
http://environment.data.gov.uk/hydrology/id/measures/c0d52925-b2bd-4ccd-9538-411b7871e984-rainfall-t-86400-mm-qualified,2000-09-14T09:00:00,14/09/2000,7.013151,Incomplete,Good,,,,
http://environment.data.gov.uk/hydrology/id/measures/c0d52925-b2bd-4ccd-9538-411b7871e984-rainfall-t-86400-mm-qualified,2000-09-15T09:00:00,15/09/2000,7.013151,Incomplete,Good,,,,
http://environment.data.gov.uk/hydrology/id/measures/c0d52925-b2bd-4ccd-9538-411b7871e984-rainfall-t-86400-mm-qualified,2000-09-16T09:00:00,16/09/2000,7.013151,Incomplete,Good,,,,
http://environment.data.gov.uk/hydrology/id/measures/c0d52925-b2bd-4ccd-9538-411b7871e984-rainfall-t-86400-mm-qualified,2000-09-17T09:00:00,17/09/2000,7.013151,Incomplete,Good,,,,
http://environment.data.gov.uk/hydrology/id/measures/c0d52925-b2bd-4ccd-9538-411b7871e984-rainfall-t-86400-mm-qualified,2000-09-18T09:00:00,18/09/2000,7.013151,Incomplete,Good,,,,
http://environment.data.gov.uk/hydrology/id/measures/c0d52925-b2bd-4ccd-9538-411b7871e984-rainfall-t-86400-mm-qualified,2000-09-19T09:00:00,19/09/2000,7.013151,Incomplete,Good,,,,
http://environment.data.gov.uk/hydrology/id/measures/c0d52925-b2bd-4ccd-9538-411b7871e984-rainfall-t-86400-mm-qualified,2000-09-20T09:00:00,20/09/2000,7.013151,Incomplete,Good,,,,
http://environment.data.gov.uk/hydrology/id/measures/c0d52925-b2bd-4ccd-9538-411b7871e984-rainfall-t-86400-mm-qualified,2000-09-21T09:00:00,21/09/2000,7.013151,Incomplete,Good,,,,
http://environment.data.gov.uk/hydrology/id/measures/c0d52925-b2bd-4ccd-9538-411b7871e984-rainfall-t-86400-mm-qualified,2000-09-22T09:00:00,22/09/2000,7.013151,Incomplete,Good,,,,
http://environment.data.gov.uk/hydrology/id/measures/c0d52925-b2bd-4ccd-9538-411b7871e984-rainfall-t-86400-mm-qualified,2000-09-23T09:00:00,23/09/2000,7.013151,Incomplete,Good,,,,
http://environment.data.gov.uk/hydrology/id/measures/c0d52925-b2bd-4ccd-9538-411b7871e984-rainfall-t-86400-mm-qualified,2000-09-24T09:00:00,24/09/2000,7.013151,Incomplete,Good,,,,
http://environment.data.gov.uk/hydrology/id/measures/c0d52925-b2bd-4ccd-9538-411b7871e984-rainfall-t-86400-mm-qualified,2000-09-25T09:00:00,25/09/2000,7.013151,Incomplete,Good,,,,
http://environment.data.gov.uk/hydrology/id/measures/c0d52925-b2bd-4ccd-9538-411b7871e984-rainfall-t-86400-mm-qualified,2000-09-26T09:00:00,26/09/2000,7.013151,Incomplete,Good,,,,
http://environment.data.gov.uk/hydrology/id/measures/c0d52925-b2bd-4ccd-9538-411b7871e984-rainfall-t-86400-mm-qualified,2000-09-27T09:00:00,27/09/2000,7.013151,Incomplete,Good,,,,
http://environment.data.gov.uk/hydrology/id/measures/c0d52925-b2bd-4ccd-9538-411b7871e984-rainfall-t-86400-mm-qualified,2000-09-28T09:00:00,28/09/2000,7.013151,Incomplete,Good,,,,
http://environment.data.gov.uk/hydrology/id/measures/c0d52925-b2bd-4ccd-9538-411b7871e984-rainfall-t-86400-mm-qualified,2000-09-29T09:00:00,29/09/2000,7.013151,Incomplete,Good,,,,
http://environment.data.gov.uk/hydrology/id/measures/c0d52925-b2bd-4ccd-9538-411b7871e984-rainfall-t-86400-mm-qualified,2000-09-30T09:00:00,30/09/2000,7.013151,Incomplete,Good,,,,
http://environment.data.gov.uk/hydrology/id/measures/c0d52925-b2bd-4ccd-9538-411b7871e984-rainfall-t-86400-mm-qualified,2000-10-01T09:00:00,01/10/2000,7.013151,Incomplete,Good,,,,
http://environment.data.gov.uk/hydrology/id/measures/c0d52925-b2bd-4ccd-9538-411b7871e984-rainfall-t-86400-mm-qualified,2000-10-02T09:00:00,02/10/2000,7.013151,Incomplete,Good,,,,
http://environment.data.gov.uk/hydrology/id/measures/c0d52925-b2bd-4ccd-9538-411b7871e984-rainfall-t-86400-mm-qualified,2000-10-03T09:00:00,03/10/2000,7.013151,Incomplete,Good,,,,
http://environment.data.gov.uk/hydrology/id/measures/c0d52925-b2bd-4ccd-9538-411b7871e984-rainfall-t-86400-mm-qualified,2000-10-04T09:00:00,04/10/2000,7.013151,Incomplete,Good,,,,
http://environment.data.gov.uk/hydrology/id/measures/c0d52925-b2bd-4ccd-9538-411b7871e984-rainfall-t-86400-mm-qualified,2000-10-05T09:00:00,05/10/2000,7.013151,Incomplete,Good,,,,
http://environment.data.gov.uk/hydrology/id/measures/c0d52925-b2bd-4ccd-9538-411b7871e984-rainfall-t-86400-mm-qualified,2000-10-06T09:00:00,06/10/2000,7.013151,Incomplete,Good,,,,
http://environment.data.gov.uk/hydrology/id/measures/c0d52925-b2bd-4ccd-9538-411b7871e984-rainfall-t-86400-mm-qualified,2000-10-07T09:00:00,07/10/2000,7.013151,Incomplete,Good,,,,
http://environment.data.gov.uk/hydrology/id/measures/c0d52925-b2bd-4ccd-9538-411b7871e984-rainfall-t-86400-mm-qualified,2000-10-08T09:00:00,08/10/2000,7.013151,Incomplete,Good,,,,
http://environment.data.gov.uk/hydrology/id/measures/c0d52925-b2bd-4ccd-9538-411b7871e984-rainfall-t-86400-mm-qualified,2000-10-09T09:00:00,09/10/2000,7.013151,Incomplete,Good,,,,
http://environment.data.gov.uk/hydrology/id/measures/c0d52925-b2bd-4ccd-9538-411b7871e984-rainfall-t-86400-mm-qualified,2000-10-10T09:00:00,10/10/2000,7.013151,Incomplete,Good,,,,
http://environment.data.gov.uk/hydrology/id/measures/c0d52925-b2bd-4ccd-9538-411b7871e984-rainfall-t-86400-mm-qualified,2000-10-11T09:00:00,11/10/2000,7.013151,Incomplete,Good,,,,
http://environment.data.gov.uk/hydrology/id/measures/c0d52925-b2bd-4ccd-9538-411b7871e984-rainfall-t-86400-mm-qualified,2000-10-12T09:00:00,12/10/2000,7.013151,Incomplete,Good,,,,
http://environment.data.gov.uk/hydrology/id/measures/c0d52925-b2bd-4ccd-9538-411b7871e984-rainfall-t-86400-mm-qualified,2000-10-13T09:00:00,13/10/2000,7.013151,Incomplete,Good,,,,
http://environment.data.gov.uk/hydrology/id/measures/c0d52925-b2bd-4ccd-9538-411b7871e984-rainfall-t-86400-mm-qualified,2000-10-14T09:00:00,14/10/2000,7.013151,Incomplete,Good,,,,
http://environment.data.gov.uk/hydrology/id/measures/c0d52925-b2bd-4ccd-9538-411b7871e984-rainfall-t-86400-mm-qualified,2000-10-15T09:00:00,15/10/2000,7.013151,Incomplete,Good,,,,
http://environment.data.gov.uk/hydrology/id/measures/c0d52925-b2bd-4ccd-9538-411b7871e984-rainfall-t-86400-mm-qualified,2000-10-16T09:00:00,16/10/2000,7.013151,Incomplete,Good,,,,
http://environment.data.gov.uk/hydrology/id/measures/c0d52925-b2bd-4ccd-9538-411b7871e984-rainfall-t-86400-mm-qualified,2000-10-17T09:00:00,17/10/2000,7.013151,Incomplete,Good,,,,
http://environment.data.gov.uk/hydrology/id/measures/c0d52925-b2bd-4ccd-9538-411b7871e984-rainfall-t-86400-mm-qualified,2000-10-18T09:00:00,18/10/2000,7.013151,Incomplete,Good,,,,
http://environment.data.gov.uk/hydrology/id/measures/c0d52925-b2bd-4ccd-9538-411b7871e984-rainfall-t-86400-mm-qualified,2000-10-19T09:00:00,19/10/2000,7.013151,Incomplete,Good,,,,
http://environment.data.gov.uk/hydrology/id/measures/c0d52925-b2bd-4ccd-9538-411b7871e984-rainfall-t-86400-mm-qualified,2000-10-20T09:00:00,20/10/2000,7.013151,Incomplete,Good,,,,
http://environment.data.gov.uk/hydrology/id/measures/c0d52925-b2bd-4ccd-9538-411b7871e984-rainfall-t-86400-mm-qualified,2000-10-21T09:00:00,21/10/2000,7.013151,Incomplete,Good,,,,
http://environment.data.gov.uk/hydrology/id/measures/c0d52925-b2bd-4ccd-9538-411b7871e984-rainfall-t-86400-mm-qualified,2000-10-22T09:00:00,22/10/2000,7.013151,Incomplete,Good,,,,
http://environment.data.gov.uk/hydrology/id/measures/c0d52925-b2bd-4ccd-9538-411b7871e984-rainfall-t-86400-mm-qualified,2000-10-23T09:00:00,23/10/2000,7.013151,Incomplete,Good,,,,
http://environment.data.gov.uk/hydrology/id/measures/c0d52925-b2bd-4ccd-9538-411b7871e984-rainfall-t-86400-mm-qualified,2000-10-24T09:00:00,24/10/2000,7.013151,Incomplete,Good,,,,
http://environment.data.gov.uk/hydrology/id/measures/c0d52925-b2bd-4ccd-9538-411b7871e984-rainfall-t-86400-mm-qualified,2000-10-25T09:00:00,25/10/2000,7.013151,Incomplete,Good,,,,
http://environment.data.gov.uk/hydrology/id/measures/c0d52925-b2bd-4ccd-9538-411b7871e984-rainfall-t-86400-mm-qualified,2000-10-26T09:00:00,26/10/2000,7.013151,Incomplete,Good,,,,
http://environment.data.gov.uk/hydrology/id/measures/c0d52925-b2bd-4ccd-9538-411b7871e984-rainfall-t-86400-mm-qualified,2000-10-27T09:00:00,27/10/2000,7.013151,Incomplete,Good,,,,
http://environment.data.gov.uk/hydrology/id/measures/c0d52925-b2bd-4ccd-9538-411b7871e984-rainfall-t-86400-mm-qualified,2000-10-28T09:00:00,28/10/2000,7.013151,Incomplete,Good,,,,
http://environment.data.gov.uk/hydrology/id/measures/c0d52925-b2bd-4ccd-9538-411b7871e984-rainfall-t-86400-mm-qualified,2000-10-29T09:00:00,29/10/2000,7.013151,Incomplete,Good,,,,
http://environment.data.gov.uk/hydrology/id/measures/c0d52925-b2bd-4ccd-9538-411b7871e984-rainfall-t-86400-mm-qualified,2000-10-30T09:00:00,30/10/2000,7.013151,Incomplete,Good,,,,
http://environment.data.gov.uk/hydrology/id/measures/c0d52925-b2bd-4ccd-9538-411b7871e984-rainfall-t-86400-mm-qualified,2000-10-31T09:00:00,31/10/2000,7.013151,Incomplete,Good,,,,
http://environment.data.gov.uk/hydrology/id/measures/c0d52925-b2bd-4ccd-9538-411b7871e984-rainfall-t-86400-mm-qualified,2000-11-01T09:00:00,01/11/2000,7.013151,Incomplete,Good,,,,
http://environment.data.gov.uk/hydrology/id/measures/c0d52925-b2bd-4ccd-9538-411b7871e984-rainfall-t-86400-mm-qualified,2000-11-02T09:00:00,02/11/2000,7.013151,Incomplete,Good,,,,
http://environment.data.gov.uk/hydrology/id/measures/c0d52925-b2bd-4ccd-9538-411b7871e984-rainfall-t-86400-mm-qualified,2000-11-03T09:00:00,03/11/2000,7.013151,Incomplete,Good,,,,
http://environment.data.gov.uk/hydrology/id/measures/c0d52925-b2bd-4ccd-9538-411b7871e984-rainfall-t-86400-mm-qualified,2000-11-04T09:00:00,04/11/2000,7.013151,Incomplete,Good,,,,
http://environment.data.gov.uk/hydrology/id/measures/c0d52925-b2bd-4ccd-9538-411b7871e984-rainfall-t-86400-mm-qualified,2000-11-05T09:00:00,05/11/2000,7.013151,Incomplete,Good,,,,
http://environment.data.gov.uk/hydrology/id/measures/c0d52925-b2bd-4ccd-9538-411b7871e984-rainfall-t-86400-mm-qualified,2000-11-06T09:00:00,06/11/2000,7.013151,Incomplete,Good,,,,
http://environment.data.gov.uk/hydrology/id/measures/c0d52925-b2bd-4ccd-9538-411b7871e984-rainfall-t-86400-mm-qualified,2000-11-07T09:00:00,07/11/2000,7.013151,Incomplete,Good,,,,
http://environment.data.gov.uk/hydrology/id/measures/c0d52925-b2bd-4ccd-9538-411b7871e984-rainfall-t-86400-mm-qualified,2000-11-08T09:00:00,08/11/2000,7.013151,Incomplete,Good,,,,
http://environment.data.gov.uk/hydrology/id/measures/c0d52925-b2bd-4ccd-9538-411b7871e984-rainfall-t-86400-mm-qualified,2000-11-09T09:00:00,09/11/2000,7.013151,Incomplete,Good,,,,
http://environment.data.gov.uk/hydrology/id/measures/c0d52925-b2bd-4ccd-9538-411b7871e984-rainfall-t-86400-mm-qualified,2000-11-10T09:00:00,10/11/2000,7.013151,Incomplete,Good,,,,
http://environment.data.gov.uk/hydrology/id/measures/c0d52925-b2bd-4ccd-9538-411b7871e984-rainfall-t-86400-mm-qualified,2000-11-11T09:00:00,11/11/2000,7.013151,Incomplete,Good,,,,
http://environment.data.gov.uk/hydrology/id/measures/c0d52925-b2bd-4ccd-9538-411b7871e984-rainfall-t-86400-mm-qualified,2000-11-12T09:00:00,12/11/2000,7.013151,Incomplete,Good,,,,
http://environment.data.gov.uk/hydrology/id/measures/c0d52925-b2bd-4ccd-9538-411b7871e984-rainfall-t-86400-mm-qualified,2000-11-13T09:00:00,13/11/2000,7.013151,Incomplete,Good,,,,
http://environment.data.gov.uk/hydrology/id/measures/c0d52925-b2bd-4ccd-9538-411b7871e984-rainfall-t-86400-mm-qualified,2000-11-14T09:00:00,14/11/2000,7.013151,Incomplete,Good,,,,
http://environment.data.gov.uk/hydrology/id/measures/c0d52925-b2bd-4ccd-9538-411b7871e984-rainfall-t-86400-mm-qualified,2000-11-15T09:00:00,15/11/2000,7.013151,Incomplete,Good,,,,
http://environment.data.gov.uk/hydrology/id/measures/c0d52925-b2bd-4ccd-9538-411b7871e984-rainfall-t-86400-mm-qualified,2000-11-16T09:00:00,16/11/2000,7.013151,Incomplete,Good,,,,
http://environment.data.gov.uk/hydrology/id/measures/c0d52925-b2bd-4ccd-9538-411b7871e984-rainfall-t-86400-mm-qualified,2000-11-17T09:00:00,17/11/2000,7.013151,Incomplete,Good,,,,
http://environment.data.gov.uk/hydrology/id/measures/c0d52925-b2bd-4ccd-9538-411b7871e984-rainfall-t-86400-mm-qualified,2000-11-18T09:00:00,18/11/2000,7.013151,Incomplete,Good,,,,
http://environment.data.gov.uk/hydrology/id/measures/c0d52925-b2bd-4ccd-9538-411b7871e984-rainfall-t-86400-mm-qualified,2000-11-19T09:00:00,19/11/2000,7.013151,Incomplete,Good,,,,
http://environment.data.gov.uk/hydrology/id/measures/c0d52925-b2bd-4ccd-9538-411b7871e984-rainfall-t-86400-mm-qualified,2000-11-20T09:00:00,20/11/2000,7.013151,Incomplete,Good,,,,
http://environment.data.gov.uk/hydrology/id/measures/c0d52925-b2bd-4ccd-9538-411b7871e984-rainfall-t-86400-mm-qualified,2000-11-21T09:00:00,21/11/2000,7.013151,Incomplete,Good,,,,
http://environment.data.gov.uk/hydrology/id/measures/c0d52925-b2bd-4ccd-9538-411b7871e984-rainfall-t-86400-mm-qualified,2000-11-22T09:00:00,22/11/2000,7.013151,Incomplete,Good,,,,
http://environment.data.gov.uk/hydrology/id/measures/c0d52925-b2bd-4ccd-9538-411b7871e984-rainfall-t-86400-mm-qualified,2000-11-23T09:00:00,23/11/2000,7.013151,Incomplete,Good,,,,
http://environment.data.gov.uk/hydrology/id/measures/c0d52925-b2bd-4ccd-9538-411b7871e984-rainfall-t-86400-mm-qualified,2000-11-24T09:00:00,24/11/2000,7.013151,Incomplete,Good,,,,
http://environment.data.gov.uk/hydrology/id/measures/c0d52925-b2bd-4ccd-9538-411b7871e984-rainfall-t-86400-mm-qualified,2000-11-25T09:00:00,25/11/2000,7.013151,Incomplete,Good,,,,
http://environment.data.gov.uk/hydrology/id/measures/c0d52925-b2bd-4ccd-9538-411b7871e984-rainfall-t-86400-mm-qualified,2000-11-26T09:00:00,26/11/2000,7.013151,Incomplete,Good,,,,
http://environment.data.gov.uk/hydrology/id/measures/c0d52925-b2bd-4ccd-9538-411b7871e984-rainfall-t-86400-mm-qualified,2000-11-27T09:00:00,27/11/2000,7.013151,Incomplete,Good,,,,
http://environment.data.gov.uk/hydrology/id/measures/c0d52925-b2bd-4ccd-9538-411b7871e984-rainfall-t-86400-mm-qualified,2000-11-28T09:00:00,28/11/2000,7.013151,Incomplete,Good,,,,
http://environment.data.gov.uk/hydrology/id/measures/c0d52925-b2bd-4ccd-9538-411b7871e984-rainfall-t-86400-mm-qualified,2000-11-29T09:00:00,29/11/2000,7.013151,Incomplete,Good,,,,
http://environment.data.gov.uk/hydrology/id/measures/c0d52925-b2bd-4ccd-9538-411b7871e984-rainfall-t-86400-mm-qualified,2000-11-30T09:00:00,30/11/2000,7.013151,Incomplete,Good,,,,
http://environment.data.gov.uk/hydrology/id/measures/c0d52925-b2bd-4ccd-9538-411b7871e984-rainfall-t-86400-mm-qualified,2000-12-01T09:00:00,01/12/2000,7.013151,Incomplete,Good,,,,
http://environment.data.gov.uk/hydrology/id/measures/c0d52925-b2bd-4ccd-9538-411b7871e984-rainfall-t-86400-mm-qualified,2000-12-02T09:00:00,02/12/2000,7.013151,Incomplete,Good,,,,
http://environment.data.gov.uk/hydrology/id/measures/c0d52925-b2bd-4ccd-9538-411b7871e984-rainfall-t-86400-mm-qualified,2000-12-03T09:00:00,03/12/2000,7.013151,Incomplete,Good,,,,
http://environment.data.gov.uk/hydrology/id/measures/c0d52925-b2bd-4ccd-9538-411b7871e984-rainfall-t-86400-mm-qualified,2000-12-04T09:00:00,04/12/2000,7.013151,Incomplete,Good,,,,
http://environment.data.gov.uk/hydrology/id/measures/c0d52925-b2bd-4ccd-9538-411b7871e984-rainfall-t-86400-mm-qualified,2000-12-05T09:00:00,05/12/2000,7.013151,Incomplete,Good,,,,
http://environment.data.gov.uk/hydrology/id/measures/c0d52925-b2bd-4ccd-9538-411b7871e984-rainfall-t-86400-mm-qualified,2000-12-06T09:00:00,06/12/2000,7.013151,Incomplete,Good,,,,
http://environment.data.gov.uk/hydrology/id/measures/c0d52925-b2bd-4ccd-9538-411b7871e984-rainfall-t-86400-mm-qualified,2000-12-07T09:00:00,07/12/2000,7.013151,Incomplete,Good,,,,
http://environment.data.gov.uk/hydrology/id/measures/c0d52925-b2bd-4ccd-9538-411b7871e984-rainfall-t-86400-mm-qualified,2000-12-08T09:00:00,08/12/2000,7.013151,Incomplete,Good,,,,
http://environment.data.gov.uk/hydrology/id/measures/c0d52925-b2bd-4ccd-9538-411b7871e984-rainfall-t-86400-mm-qualified,2000-12-09T09:00:00,09/12/2000,7.013151,Incomplete,Good,,,,
http://environment.data.gov.uk/hydrology/id/measures/c0d52925-b2bd-4ccd-9538-411b7871e984-rainfall-t-86400-mm-qualified,2000-12-10T09:00:00,10/12/2000,7.013151,Incomplete,Good,,,,
http://environment.data.gov.uk/hydrology/id/measures/c0d52925-b2bd-4ccd-9538-411b7871e984-rainfall-t-86400-mm-qualified,2000-12-11T09:00:00,11/12/2000,7.013151,Incomplete,Good,,,,
http://environment.data.gov.uk/hydrology/id/measures/c0d52925-b2bd-4ccd-9538-411b7871e984-rainfall-t-86400-mm-qualified,2000-12-12T09:00:00,12/12/2000,7.013151,Incomplete,Good,,,,
http://environment.data.gov.uk/hydrology/id/measures/c0d52925-b2bd-4ccd-9538-411b7871e984-rainfall-t-86400-mm-qualified,2000-12-13T09:00:00,13/12/2000,7.013151,Incomplete,Good,,,,
http://environment.data.gov.uk/hydrology/id/measures/c0d52925-b2bd-4ccd-9538-411b7871e984-rainfall-t-86400-mm-qualified,2000-12-14T09:00:00,14/12/2000,7.013151,Incomplete,Good,,,,
http://environment.data.gov.uk/hydrology/id/measures/c0d52925-b2bd-4ccd-9538-411b7871e984-rainfall-t-86400-mm-qualified,2000-12-15T09:00:00,15/12/2000,7.013151,Incomplete,Good,,,,
http://environment.data.gov.uk/hydrology/id/measures/c0d52925-b2bd-4ccd-9538-411b7871e984-rainfall-t-86400-mm-qualified,2000-12-16T09:00:00,16/12/2000,7.013151,Incomplete,Good,,,,
http://environment.data.gov.uk/hydrology/id/measures/c0d52925-b2bd-4ccd-9538-411b7871e984-rainfall-t-86400-mm-qualified,2000-12-17T09:00:00,17/12/2000,7.013151,Incomplete,Good,,,,
http://environment.data.gov.uk/hydrology/id/measures/c0d52925-b2bd-4ccd-9538-411b7871e984-rainfall-t-86400-mm-qualified,2000-12-18T09:00:00,18/12/2000,7.013151,Incomplete,Good,,,,
http://environment.data.gov.uk/hydrology/id/measures/c0d52925-b2bd-4ccd-9538-411b7871e984-rainfall-t-86400-mm-qualified,2000-12-19T09:00:00,19/12/2000,7.013151,Incomplete,Good,,,,
http://environment.data.gov.uk/hydrology/id/measures/c0d52925-b2bd-4ccd-9538-411b7871e984-rainfall-t-86400-mm-qualified,2000-12-20T09:00:00,20/12/2000,7.013151,Incomplete,Good,,,,
http://environment.data.gov.uk/hydrology/id/measures/c0d52925-b2bd-4ccd-9538-411b7871e984-rainfall-t-86400-mm-qualified,2000-12-21T09:00:00,21/12/2000,7.013151,Incomplete,Good,,,,
http://environment.data.gov.uk/hydrology/id/measures/c0d52925-b2bd-4ccd-9538-411b7871e984-rainfall-t-86400-mm-qualified,2000-12-22T09:00:00,22/12/2000,7.013151,Incomplete,Good,,,,
http://environment.data.gov.uk/hydrology/id/measures/c0d52925-b2bd-4ccd-9538-411b7871e984-rainfall-t-86400-mm-qualified,2000-12-23T09:00:00,23/12/2000,7.013151,Incomplete,Good,,,,
http://environment.data.gov.uk/hydrology/id/measures/c0d52925-b2bd-4ccd-9538-411b7871e984-rainfall-t-86400-mm-qualified,2000-12-24T09:00:00,24/12/2000,7.013151,Incomplete,Good,,,,
http://environment.data.gov.uk/hydrology/id/measures/c0d52925-b2bd-4ccd-9538-411b7871e984-rainfall-t-86400-mm-qualified,2000-12-25T09:00:00,25/12/2000,7.013151,Incomplete,Good,,,,
http://environment.data.gov.uk/hydrology/id/measures/c0d52925-b2bd-4ccd-9538-411b7871e984-rainfall-t-86400-mm-qualified,2000-12-26T09:00:00,26/12/2000,7.013151,Incomplete,Good,,,,
http://environment.data.gov.uk/hydrology/id/measures/c0d52925-b2bd-4ccd-9538-411b7871e984-rainfall-t-86400-mm-qualified,2000-12-27T09:00:00,27/12/2000,7.013151,Incomplete,Good,,,,
http://environment.data.gov.uk/hydrology/id/measures/c0d52925-b2bd-4ccd-9538-411b7871e984-rainfall-t-86400-mm-qualified,2000-12-28T09:00:00,28/12/2000,7.013151,Incomplete,Good,,,,
http://environment.data.gov.uk/hydrology/id/measures/c0d52925-b2bd-4ccd-9538-411b7871e984-rainfall-t-86400-mm-qualified,2000-12-29T09:00:00,29/12/2000,7.013151,Incomplete,Good,,,,
http://environment.data.gov.uk/hydrology/id/measures/c0d52925-b2bd-4ccd-9538-411b7871e984-rainfall-t-86400-mm-qualified,2000-12-30T09:00:00,30/12/2000,7.013151,Incomplete,Good,,,,
http://environment.data.gov.uk/hydrology/id/measures/c0d52925-b2bd-4ccd-9538-411b7871e984-rainfall-t-86400-mm-qualified,2000-12-31T09:00:00,31/12/2000,7.013151,Incomplete,Good,,,,
