measure,dateTime,date,value,completeness,quality
http://environment.data.gov.uk/hydrology/id/measures/315fef3-ecc3-4ad-a35-7bab91dd16f-rainfall-t-864-mm-qualified,2-1-1T9::,01/01/2002,1,Complete,Suspect
http://environment.data.gov.uk/hydrology/id/measures/315fef3-ecc3-4ad-a35-7bab91dd16f-rainfall-t-864-mm-qualified,2-1-2T9::,02/01/2002,1,Complete,Suspect
http://environment.data.gov.uk/hydrology/id/measures/315fef3-ecc3-4ad-a35-7bab91dd16f-rainfall-t-864-mm-qualified,2-1-3T9::,03/01/2002,6,Complete,Suspect
http://environment.data.gov.uk/hydrology/id/measures/315fef3-ecc3-4ad-a35-7bab91dd16f-rainfall-t-864-mm-qualified,2-1-4T9::,04/01/2002,1,Complete,Suspect
http://environment.data.gov.uk/hydrology/id/measures/315fef3-ecc3-4ad-a35-7bab91dd16f-rainfall-t-864-mm-qualified,2-1-5T9::,05/01/2002,11,Complete,Suspect
http://environment.data.gov.uk/hydrology/id/measures/315fef3-ecc3-4ad-a35-7bab91dd16f-rainfall-t-864-mm-qualified,2-1-6T9::,06/01/2002,1,Complete,Suspect
http://environment.data.gov.uk/hydrology/id/measures/315fef3-ecc3-4ad-a35-7bab91dd16f-rainfall-t-864-mm-qualified,2-1-7T9::,07/01/2002,1,Complete,Suspect
http://environment.data.gov.uk/hydrology/id/measures/315fef3-ecc3-4ad-a35-7bab91dd16f-rainfall-t-864-mm-qualified,2-1-8T9::,08/01/2002,,Complete,Suspect
http://environment.data.gov.uk/hydrology/id/measures/315fef3-ecc3-4ad-a35-7bab91dd16f-rainfall-t-864-mm-qualified,2-1-9T9::,09/01/2002,,Complete,Suspect
http://environment.data.gov.uk/hydrology/id/measures/315fef3-ecc3-4ad-a35-7bab91dd16f-rainfall-t-864-mm-qualified,2-1-1T9::,01/01/2002,1,Complete,Suspect
http://environment.data.gov.uk/hydrology/id/measures/315fef3-ecc3-4ad-a35-7bab91dd16f-rainfall-t-864-mm-qualified,2-1-11T9::,11/01/2002,,Complete,Suspect
http://environment.data.gov.uk/hydrology/id/measures/315fef3-ecc3-4ad-a35-7bab91dd16f-rainfall-t-864-mm-qualified,2-1-12T9::,12/01/2002,4,Complete,Suspect
http://environment.data.gov.uk/hydrology/id/measures/315fef3-ecc3-4ad-a35-7bab91dd16f-rainfall-t-864-mm-qualified,2-1-13T9::,13/01/2002,,Complete,Suspect
http://environment.data.gov.uk/hydrology/id/measures/315fef3-ecc3-4ad-a35-7bab91dd16f-rainfall-t-864-mm-qualified,2-1-14T9::,14/01/2002,,Complete,Suspect
http://environment.data.gov.uk/hydrology/id/measures/315fef3-ecc3-4ad-a35-7bab91dd16f-rainfall-t-864-mm-qualified,2-1-15T9::,15/01/2002,,Complete,Suspect
http://environment.data.gov.uk/hydrology/id/measures/315fef3-ecc3-4ad-a35-7bab91dd16f-rainfall-t-864-mm-qualified,2-1-16T9::,16/01/2002,,Complete,Suspect
http://environment.data.gov.uk/hydrology/id/measures/315fef3-ecc3-4ad-a35-7bab91dd16f-rainfall-t-864-mm-qualified,2-1-17T9::,17/01/2002,,Complete,Suspect
http://environment.data.gov.uk/hydrology/id/measures/315fef3-ecc3-4ad-a35-7bab91dd16f-rainfall-t-864-mm-qualified,2-1-18T9::,18/01/2002,,Complete,Suspect
http://environment.data.gov.uk/hydrology/id/measures/315fef3-ecc3-4ad-a35-7bab91dd16f-rainfall-t-864-mm-qualified,2-1-19T9::,19/01/2002,,Complete,Suspect
http://environment.data.gov.uk/hydrology/id/measures/315fef3-ecc3-4ad-a35-7bab91dd16f-rainfall-t-864-mm-qualified,2-1-2T9::,02/01/2002,,Complete,Suspect
http://environment.data.gov.uk/hydrology/id/measures/315fef3-ecc3-4ad-a35-7bab91dd16f-rainfall-t-864-mm-qualified,2-1-21T9::,21/01/2002,1,Complete,Suspect
http://environment.data.gov.uk/hydrology/id/measures/315fef3-ecc3-4ad-a35-7bab91dd16f-rainfall-t-864-mm-qualified,2-1-22T9::,22/01/2002,,Complete,Suspect
http://environment.data.gov.uk/hydrology/id/measures/315fef3-ecc3-4ad-a35-7bab91dd16f-rainfall-t-864-mm-qualified,2-1-23T9::,23/01/2002,,Complete,Suspect
http://environment.data.gov.uk/hydrology/id/measures/315fef3-ecc3-4ad-a35-7bab91dd16f-rainfall-t-864-mm-qualified,2-1-24T9::,24/01/2002,,Complete,Suspect
http://environment.data.gov.uk/hydrology/id/measures/315fef3-ecc3-4ad-a35-7bab91dd16f-rainfall-t-864-mm-qualified,2-1-25T9::,25/01/2002,,Complete,Suspect
http://environment.data.gov.uk/hydrology/id/measures/315fef3-ecc3-4ad-a35-7bab91dd16f-rainfall-t-864-mm-qualified,2-1-26T9::,26/01/2002,,Complete,Suspect
http://environment.data.gov.uk/hydrology/id/measures/315fef3-ecc3-4ad-a35-7bab91dd16f-rainfall-t-864-mm-qualified,2-1-27T9::,27/01/2002,,Complete,Suspect
http://environment.data.gov.uk/hydrology/id/measures/315fef3-ecc3-4ad-a35-7bab91dd16f-rainfall-t-864-mm-qualified,2-1-28T9::,28/01/2002,4,Complete,Suspect
http://environment.data.gov.uk/hydrology/id/measures/315fef3-ecc3-4ad-a35-7bab91dd16f-rainfall-t-864-mm-qualified,2-1-29T9::,29/01/2002,1,Complete,Suspect
http://environment.data.gov.uk/hydrology/id/measures/315fef3-ecc3-4ad-a35-7bab91dd16f-rainfall-t-864-mm-qualified,2-1-3T9::,03/01/2002,,Complete,Suspect
http://environment.data.gov.uk/hydrology/id/measures/315fef3-ecc3-4ad-a35-7bab91dd16f-rainfall-t-864-mm-qualified,2-1-31T9::,31/01/2002,1,Complete,Suspect
http://environment.data.gov.uk/hydrology/id/measures/315fef3-ecc3-4ad-a35-7bab91dd16f-rainfall-t-864-mm-qualified,2-2-1T9::,01/02/2002,1,Complete,Suspect
http://environment.data.gov.uk/hydrology/id/measures/315fef3-ecc3-4ad-a35-7bab91dd16f-rainfall-t-864-mm-qualified,2-2-2T9::,02/02/2002,,Complete,Suspect
http://environment.data.gov.uk/hydrology/id/measures/315fef3-ecc3-4ad-a35-7bab91dd16f-rainfall-t-864-mm-qualified,2-2-3T9::,03/02/2002,,Complete,Suspect
http://environment.data.gov.uk/hydrology/id/measures/315fef3-ecc3-4ad-a35-7bab91dd16f-rainfall-t-864-mm-qualified,2-2-4T9::,04/02/2002,,Complete,Suspect
http://environment.data.gov.uk/hydrology/id/measures/315fef3-ecc3-4ad-a35-7bab91dd16f-rainfall-t-864-mm-qualified,2-2-5T9::,05/02/2002,,Complete,Suspect
http://environment.data.gov.uk/hydrology/id/measures/315fef3-ecc3-4ad-a35-7bab91dd16f-rainfall-t-864-mm-qualified,2-2-6T9::,06/02/2002,5,Complete,Suspect
http://environment.data.gov.uk/hydrology/id/measures/315fef3-ecc3-4ad-a35-7bab91dd16f-rainfall-t-864-mm-qualified,2-2-7T9::,07/02/2002,12,Complete,Suspect
http://environment.data.gov.uk/hydrology/id/measures/315fef3-ecc3-4ad-a35-7bab91dd16f-rainfall-t-864-mm-qualified,2-2-8T9::,08/02/2002,1,Complete,Suspect
http://environment.data.gov.uk/hydrology/id/measures/315fef3-ecc3-4ad-a35-7bab91dd16f-rainfall-t-864-mm-qualified,2-2-9T9::,09/02/2002,5,Complete,Suspect
http://environment.data.gov.uk/hydrology/id/measures/315fef3-ecc3-4ad-a35-7bab91dd16f-rainfall-t-864-mm-qualified,2-2-1T9::,01/02/2002,2,Complete,Suspect
http://environment.data.gov.uk/hydrology/id/measures/315fef3-ecc3-4ad-a35-7bab91dd16f-rainfall-t-864-mm-qualified,2-2-11T9::,11/02/2002,6,Complete,Suspect
http://environment.data.gov.uk/hydrology/id/measures/315fef3-ecc3-4ad-a35-7bab91dd16f-rainfall-t-864-mm-qualified,2-2-12T9::,12/02/2002,,Complete,Suspect
http://environment.data.gov.uk/hydrology/id/measures/315fef3-ecc3-4ad-a35-7bab91dd16f-rainfall-t-864-mm-qualified,2-2-13T9::,13/02/2002,1,Complete,Suspect
http://environment.data.gov.uk/hydrology/id/measures/315fef3-ecc3-4ad-a35-7bab91dd16f-rainfall-t-864-mm-qualified,2-2-14T9::,14/02/2002,2,Complete,Suspect
http://environment.data.gov.uk/hydrology/id/measures/315fef3-ecc3-4ad-a35-7bab91dd16f-rainfall-t-864-mm-qualified,2-2-15T9::,15/02/2002,2,Complete,Suspect
http://environment.data.gov.uk/hydrology/id/measures/315fef3-ecc3-4ad-a35-7bab91dd16f-rainfall-t-864-mm-qualified,2-2-16T9::,16/02/2002,2,Complete,Suspect
http://environment.data.gov.uk/hydrology/id/measures/315fef3-ecc3-4ad-a35-7bab91dd16f-rainfall-t-864-mm-qualified,2-2-17T9::,17/02/2002,,Complete,Suspect
http://environment.data.gov.uk/hydrology/id/measures/315fef3-ecc3-4ad-a35-7bab91dd16f-rainfall-t-864-mm-qualified,2-2-18T9::,18/02/2002,1,Complete,Suspect
http://environment.data.gov.uk/hydrology/id/measures/315fef3-ecc3-4ad-a35-7bab91dd16f-rainfall-t-864-mm-qualified,2-2-19T9::,19/02/2002,,Complete,Suspect
http://environment.data.gov.uk/hydrology/id/measures/315fef3-ecc3-4ad-a35-7bab91dd16f-rainfall-t-864-mm-qualified,2-2-2T9::,02/02/2002,1,Complete,Suspect
http://environment.data.gov.uk/hydrology/id/measures/315fef3-ecc3-4ad-a35-7bab91dd16f-rainfall-t-864-mm-qualified,2-2-21T9::,21/02/2002,,Complete,Suspect
http://environment.data.gov.uk/hydrology/id/measures/315fef3-ecc3-4ad-a35-7bab91dd16f-rainfall-t-864-mm-qualified,2-2-22T9::,22/02/2002,3,Complete,Suspect
http://environment.data.gov.uk/hydrology/id/measures/315fef3-ecc3-4ad-a35-7bab91dd16f-rainfall-t-864-mm-qualified,2-2-23T9::,23/02/2002,1,Complete,Suspect
http://environment.data.gov.uk/hydrology/id/measures/315fef3-ecc3-4ad-a35-7bab91dd16f-rainfall-t-864-mm-qualified,2-2-24T9::,24/02/2002,6,Complete,Suspect
http://environment.data.gov.uk/hydrology/id/measures/315fef3-ecc3-4ad-a35-7bab91dd16f-rainfall-t-864-mm-qualified,2-2-25T9::,25/02/2002,,Complete,Suspect
http://environment.data.gov.uk/hydrology/id/measures/315fef3-ecc3-4ad-a35-7bab91dd16f-rainfall-t-864-mm-qualified,2-2-26T9::,26/02/2002,1,Complete,Suspect
http://environment.data.gov.uk/hydrology/id/measures/315fef3-ecc3-4ad-a35-7bab91dd16f-rainfall-t-864-mm-qualified,2-2-27T9::,27/02/2002,14,Complete,Suspect
http://environment.data.gov.uk/hydrology/id/measures/315fef3-ecc3-4ad-a35-7bab91dd16f-rainfall-t-864-mm-qualified,2-2-28T9::,28/02/2002,9,Complete,Suspect
http://environment.data.gov.uk/hydrology/id/measures/315fef3-ecc3-4ad-a35-7bab91dd16f-rainfall-t-864-mm-qualified,2-2-29T9::,29/2/2,4,Complete,Suspect
http://environment.data.gov.uk/hydrology/id/measures/315fef3-ecc3-4ad-a35-7bab91dd16f-rainfall-t-864-mm-qualified,2-3-1T9::,01/03/2002,,Complete,Suspect
http://environment.data.gov.uk/hydrology/id/measures/315fef3-ecc3-4ad-a35-7bab91dd16f-rainfall-t-864-mm-qualified,2-3-2T9::,02/03/2002,8,Complete,Suspect
http://environment.data.gov.uk/hydrology/id/measures/315fef3-ecc3-4ad-a35-7bab91dd16f-rainfall-t-864-mm-qualified,2-3-3T9::,03/03/2002,1,Complete,Suspect
http://environment.data.gov.uk/hydrology/id/measures/315fef3-ecc3-4ad-a35-7bab91dd16f-rainfall-t-864-mm-qualified,2-3-4T9::,04/03/2002,,Complete,Suspect
http://environment.data.gov.uk/hydrology/id/measures/315fef3-ecc3-4ad-a35-7bab91dd16f-rainfall-t-864-mm-qualified,2-3-5T9::,05/03/2002,,Complete,Suspect
http://environment.data.gov.uk/hydrology/id/measures/315fef3-ecc3-4ad-a35-7bab91dd16f-rainfall-t-864-mm-qualified,2-3-6T9::,06/03/2002,,Complete,Suspect
http://environment.data.gov.uk/hydrology/id/measures/315fef3-ecc3-4ad-a35-7bab91dd16f-rainfall-t-864-mm-qualified,2-3-7T9::,07/03/2002,1,Complete,Suspect
http://environment.data.gov.uk/hydrology/id/measures/315fef3-ecc3-4ad-a35-7bab91dd16f-rainfall-t-864-mm-qualified,2-3-8T9::,08/03/2002,,Complete,Suspect
http://environment.data.gov.uk/hydrology/id/measures/315fef3-ecc3-4ad-a35-7bab91dd16f-rainfall-t-864-mm-qualified,2-3-9T9::,09/03/2002,,Complete,Suspect
http://environment.data.gov.uk/hydrology/id/measures/315fef3-ecc3-4ad-a35-7bab91dd16f-rainfall-t-864-mm-qualified,2-3-1T9::,01/03/2002,,Complete,Suspect
http://environment.data.gov.uk/hydrology/id/measures/315fef3-ecc3-4ad-a35-7bab91dd16f-rainfall-t-864-mm-qualified,2-3-11T9::,11/03/2002,,Complete,Suspect
http://environment.data.gov.uk/hydrology/id/measures/315fef3-ecc3-4ad-a35-7bab91dd16f-rainfall-t-864-mm-qualified,2-3-12T9::,12/03/2002,,Complete,Suspect
http://environment.data.gov.uk/hydrology/id/measures/315fef3-ecc3-4ad-a35-7bab91dd16f-rainfall-t-864-mm-qualified,2-3-13T9::,13/03/2002,,Complete,Suspect
http://environment.data.gov.uk/hydrology/id/measures/315fef3-ecc3-4ad-a35-7bab91dd16f-rainfall-t-864-mm-qualified,2-3-14T9::,14/03/2002,,Complete,Suspect
http://environment.data.gov.uk/hydrology/id/measures/315fef3-ecc3-4ad-a35-7bab91dd16f-rainfall-t-864-mm-qualified,2-3-15T9::,15/03/2002,,Complete,Suspect
http://environment.data.gov.uk/hydrology/id/measures/315fef3-ecc3-4ad-a35-7bab91dd16f-rainfall-t-864-mm-qualified,2-3-16T9::,16/03/2002,,Complete,Suspect
http://environment.data.gov.uk/hydrology/id/measures/315fef3-ecc3-4ad-a35-7bab91dd16f-rainfall-t-864-mm-qualified,2-3-17T9::,17/03/2002,,Complete,Suspect
http://environment.data.gov.uk/hydrology/id/measures/315fef3-ecc3-4ad-a35-7bab91dd16f-rainfall-t-864-mm-qualified,2-3-18T9::,18/03/2002,,Complete,Suspect
http://environment.data.gov.uk/hydrology/id/measures/315fef3-ecc3-4ad-a35-7bab91dd16f-rainfall-t-864-mm-qualified,2-3-19T9::,19/03/2002,,Complete,Suspect
http://environment.data.gov.uk/hydrology/id/measures/315fef3-ecc3-4ad-a35-7bab91dd16f-rainfall-t-864-mm-qualified,2-3-2T9::,02/03/2002,,Complete,Suspect
http://environment.data.gov.uk/hydrology/id/measures/315fef3-ecc3-4ad-a35-7bab91dd16f-rainfall-t-864-mm-qualified,2-3-21T9::,21/03/2002,,Complete,Suspect
http://environment.data.gov.uk/hydrology/id/measures/315fef3-ecc3-4ad-a35-7bab91dd16f-rainfall-t-864-mm-qualified,2-3-22T9::,22/03/2002,4,Complete,Suspect
http://environment.data.gov.uk/hydrology/id/measures/315fef3-ecc3-4ad-a35-7bab91dd16f-rainfall-t-864-mm-qualified,2-3-23T9::,23/03/2002,1,Complete,Suspect
http://environment.data.gov.uk/hydrology/id/measures/315fef3-ecc3-4ad-a35-7bab91dd16f-rainfall-t-864-mm-qualified,2-3-24T9::,24/03/2002,2,Complete,Suspect
http://environment.data.gov.uk/hydrology/id/measures/315fef3-ecc3-4ad-a35-7bab91dd16f-rainfall-t-864-mm-qualified,2-3-25T9::,25/03/2002,5,Complete,Suspect
http://environment.data.gov.uk/hydrology/id/measures/315fef3-ecc3-4ad-a35-7bab91dd16f-rainfall-t-864-mm-qualified,2-3-26T9::,26/03/2002,4,Complete,Suspect
http://environment.data.gov.uk/hydrology/id/measures/315fef3-ecc3-4ad-a35-7bab91dd16f-rainfall-t-864-mm-qualified,2-3-27T9::,27/03/2002,,Complete,Suspect
http://environment.data.gov.uk/hydrology/id/measures/315fef3-ecc3-4ad-a35-7bab91dd16f-rainfall-t-864-mm-qualified,2-3-28T9::,28/03/2002,,Complete,Suspect
http://environment.data.gov.uk/hydrology/id/measures/315fef3-ecc3-4ad-a35-7bab91dd16f-rainfall-t-864-mm-qualified,2-3-29T9::,29/03/2002,,Complete,Suspect
http://environment.data.gov.uk/hydrology/id/measures/315fef3-ecc3-4ad-a35-7bab91dd16f-rainfall-t-864-mm-qualified,2-3-3T9::,03/03/2002,,Complete,Suspect
http://environment.data.gov.uk/hydrology/id/measures/315fef3-ecc3-4ad-a35-7bab91dd16f-rainfall-t-864-mm-qualified,2-3-31T9::,31/03/2002,1,Complete,Suspect
http://environment.data.gov.uk/hydrology/id/measures/315fef3-ecc3-4ad-a35-7bab91dd16f-rainfall-t-864-mm-qualified,2-4-1T9::,01/04/2002,8,Complete,Suspect
http://environment.data.gov.uk/hydrology/id/measures/315fef3-ecc3-4ad-a35-7bab91dd16f-rainfall-t-864-mm-qualified,2-4-2T9::,02/04/2002,21,Complete,Suspect
http://environment.data.gov.uk/hydrology/id/measures/315fef3-ecc3-4ad-a35-7bab91dd16f-rainfall-t-864-mm-qualified,2-4-3T9::,03/04/2002,16,Complete,Suspect
http://environment.data.gov.uk/hydrology/id/measures/315fef3-ecc3-4ad-a35-7bab91dd16f-rainfall-t-864-mm-qualified,2-4-4T9::,04/04/2002,1,Complete,Suspect
http://environment.data.gov.uk/hydrology/id/measures/315fef3-ecc3-4ad-a35-7bab91dd16f-rainfall-t-864-mm-qualified,2-4-5T9::,05/04/2002,,Complete,Suspect
http://environment.data.gov.uk/hydrology/id/measures/315fef3-ecc3-4ad-a35-7bab91dd16f-rainfall-t-864-mm-qualified,2-4-6T9::,06/04/2002,,Complete,Suspect
http://environment.data.gov.uk/hydrology/id/measures/315fef3-ecc3-4ad-a35-7bab91dd16f-rainfall-t-864-mm-qualified,2-4-7T9::,07/04/2002,,Complete,Suspect
http://environment.data.gov.uk/hydrology/id/measures/315fef3-ecc3-4ad-a35-7bab91dd16f-rainfall-t-864-mm-qualified,2-4-8T9::,08/04/2002,,Complete,Suspect
http://environment.data.gov.uk/hydrology/id/measures/315fef3-ecc3-4ad-a35-7bab91dd16f-rainfall-t-864-mm-qualified,2-4-9T9::,09/04/2002,,Complete,Suspect
http://environment.data.gov.uk/hydrology/id/measures/315fef3-ecc3-4ad-a35-7bab91dd16f-rainfall-t-864-mm-qualified,2-4-1T9::,01/04/2002,4,Complete,Suspect
http://environment.data.gov.uk/hydrology/id/measures/315fef3-ecc3-4ad-a35-7bab91dd16f-rainfall-t-864-mm-qualified,2-4-11T9::,11/04/2002,3,Complete,Suspect
http://environment.data.gov.uk/hydrology/id/measures/315fef3-ecc3-4ad-a35-7bab91dd16f-rainfall-t-864-mm-qualified,2-4-12T9::,12/04/2002,9,Complete,Suspect
http://environment.data.gov.uk/hydrology/id/measures/315fef3-ecc3-4ad-a35-7bab91dd16f-rainfall-t-864-mm-qualified,2-4-13T9::,13/04/2002,1,Complete,Suspect
http://environment.data.gov.uk/hydrology/id/measures/315fef3-ecc3-4ad-a35-7bab91dd16f-rainfall-t-864-mm-qualified,2-4-14T9::,14/04/2002,8,Complete,Suspect
http://environment.data.gov.uk/hydrology/id/measures/315fef3-ecc3-4ad-a35-7bab91dd16f-rainfall-t-864-mm-qualified,2-4-15T9::,15/04/2002,1,Complete,Suspect
http://environment.data.gov.uk/hydrology/id/measures/315fef3-ecc3-4ad-a35-7bab91dd16f-rainfall-t-864-mm-qualified,2-4-16T9::,16/04/2002,5,Complete,Suspect
http://environment.data.gov.uk/hydrology/id/measures/315fef3-ecc3-4ad-a35-7bab91dd16f-rainfall-t-864-mm-qualified,2-4-17T9::,17/04/2002,17,Complete,Suspect
http://environment.data.gov.uk/hydrology/id/measures/315fef3-ecc3-4ad-a35-7bab91dd16f-rainfall-t-864-mm-qualified,2-4-18T9::,18/04/2002,16,Complete,Suspect
http://environment.data.gov.uk/hydrology/id/measures/315fef3-ecc3-4ad-a35-7bab91dd16f-rainfall-t-864-mm-qualified,2-4-19T9::,19/04/2002,23,Complete,Suspect
http://environment.data.gov.uk/hydrology/id/measures/315fef3-ecc3-4ad-a35-7bab91dd16f-rainfall-t-864-mm-qualified,2-4-2T9::,02/04/2002,7,Complete,Suspect
http://environment.data.gov.uk/hydrology/id/measures/315fef3-ecc3-4ad-a35-7bab91dd16f-rainfall-t-864-mm-qualified,2-4-21T9::,21/04/2002,1,Complete,Suspect
http://environment.data.gov.uk/hydrology/id/measures/315fef3-ecc3-4ad-a35-7bab91dd16f-rainfall-t-864-mm-qualified,2-4-22T9::,22/04/2002,1,Complete,Suspect
http://environment.data.gov.uk/hydrology/id/measures/315fef3-ecc3-4ad-a35-7bab91dd16f-rainfall-t-864-mm-qualified,2-4-23T9::,23/04/2002,,Complete,Suspect
http://environment.data.gov.uk/hydrology/id/measures/315fef3-ecc3-4ad-a35-7bab91dd16f-rainfall-t-864-mm-qualified,2-4-24T9::,24/04/2002,17,Complete,Suspect
http://environment.data.gov.uk/hydrology/id/measures/315fef3-ecc3-4ad-a35-7bab91dd16f-rainfall-t-864-mm-qualified,2-4-25T9::,25/04/2002,1,Complete,Suspect
http://environment.data.gov.uk/hydrology/id/measures/315fef3-ecc3-4ad-a35-7bab91dd16f-rainfall-t-864-mm-qualified,2-4-26T9::,26/04/2002,6,Complete,Suspect
http://environment.data.gov.uk/hydrology/id/measures/315fef3-ecc3-4ad-a35-7bab91dd16f-rainfall-t-864-mm-qualified,2-4-27T9::,27/04/2002,1,Complete,Suspect
http://environment.data.gov.uk/hydrology/id/measures/315fef3-ecc3-4ad-a35-7bab91dd16f-rainfall-t-864-mm-qualified,2-4-28T9::,28/04/2002,4,Complete,Suspect
http://environment.data.gov.uk/hydrology/id/measures/315fef3-ecc3-4ad-a35-7bab91dd16f-rainfall-t-864-mm-qualified,2-4-29T9::,29/04/2002,,Complete,Suspect
http://environment.data.gov.uk/hydrology/id/measures/315fef3-ecc3-4ad-a35-7bab91dd16f-rainfall-t-864-mm-qualified,2-4-3T9::,03/04/2002,,Complete,Suspect
http://environment.data.gov.uk/hydrology/id/measures/315fef3-ecc3-4ad-a35-7bab91dd16f-rainfall-t-864-mm-qualified,2-5-1T9::,01/05/2002,,Complete,Suspect
http://environment.data.gov.uk/hydrology/id/measures/315fef3-ecc3-4ad-a35-7bab91dd16f-rainfall-t-864-mm-qualified,2-5-2T9::,02/05/2002,,Complete,Suspect
http://environment.data.gov.uk/hydrology/id/measures/315fef3-ecc3-4ad-a35-7bab91dd16f-rainfall-t-864-mm-qualified,2-5-3T9::,03/05/2002,,Complete,Suspect
http://environment.data.gov.uk/hydrology/id/measures/315fef3-ecc3-4ad-a35-7bab91dd16f-rainfall-t-864-mm-qualified,2-5-4T9::,04/05/2002,,Complete,Suspect
http://environment.data.gov.uk/hydrology/id/measures/315fef3-ecc3-4ad-a35-7bab91dd16f-rainfall-t-864-mm-qualified,2-5-5T9::,05/05/2002,,Complete,Suspect
http://environment.data.gov.uk/hydrology/id/measures/315fef3-ecc3-4ad-a35-7bab91dd16f-rainfall-t-864-mm-qualified,2-5-6T9::,06/05/2002,,Complete,Suspect
http://environment.data.gov.uk/hydrology/id/measures/315fef3-ecc3-4ad-a35-7bab91dd16f-rainfall-t-864-mm-qualified,2-5-7T9::,07/05/2002,5,Complete,Suspect
http://environment.data.gov.uk/hydrology/id/measures/315fef3-ecc3-4ad-a35-7bab91dd16f-rainfall-t-864-mm-qualified,2-5-8T9::,08/05/2002,,Complete,Suspect
http://environment.data.gov.uk/hydrology/id/measures/315fef3-ecc3-4ad-a35-7bab91dd16f-rainfall-t-864-mm-qualified,2-5-9T9::,09/05/2002,,Complete,Suspect
http://environment.data.gov.uk/hydrology/id/measures/315fef3-ecc3-4ad-a35-7bab91dd16f-rainfall-t-864-mm-qualified,2-5-1T9::,01/05/2002,1,Complete,Suspect
http://environment.data.gov.uk/hydrology/id/measures/315fef3-ecc3-4ad-a35-7bab91dd16f-rainfall-t-864-mm-qualified,2-5-11T9::,11/05/2002,2,Complete,Suspect
http://environment.data.gov.uk/hydrology/id/measures/315fef3-ecc3-4ad-a35-7bab91dd16f-rainfall-t-864-mm-qualified,2-5-12T9::,12/05/2002,,Complete,Suspect
http://environment.data.gov.uk/hydrology/id/measures/315fef3-ecc3-4ad-a35-7bab91dd16f-rainfall-t-864-mm-qualified,2-5-13T9::,13/05/2002,,Complete,Suspect
http://environment.data.gov.uk/hydrology/id/measures/315fef3-ecc3-4ad-a35-7bab91dd16f-rainfall-t-864-mm-qualified,2-5-14T9::,14/05/2002,,Complete,Suspect
http://environment.data.gov.uk/hydrology/id/measures/315fef3-ecc3-4ad-a35-7bab91dd16f-rainfall-t-864-mm-qualified,2-5-15T9::,15/05/2002,,Complete,Suspect
http://environment.data.gov.uk/hydrology/id/measures/315fef3-ecc3-4ad-a35-7bab91dd16f-rainfall-t-864-mm-qualified,2-5-16T9::,16/05/2002,2,Complete,Suspect
http://environment.data.gov.uk/hydrology/id/measures/315fef3-ecc3-4ad-a35-7bab91dd16f-rainfall-t-864-mm-qualified,2-5-17T9::,17/05/2002,3,Complete,Suspect
http://environment.data.gov.uk/hydrology/id/measures/315fef3-ecc3-4ad-a35-7bab91dd16f-rainfall-t-864-mm-qualified,2-5-18T9::,18/05/2002,1,Complete,Suspect
http://environment.data.gov.uk/hydrology/id/measures/315fef3-ecc3-4ad-a35-7bab91dd16f-rainfall-t-864-mm-qualified,2-5-19T9::,19/05/2002,,Complete,Suspect
http://environment.data.gov.uk/hydrology/id/measures/315fef3-ecc3-4ad-a35-7bab91dd16f-rainfall-t-864-mm-qualified,2-5-2T9::,02/05/2002,8,Complete,Suspect
http://environment.data.gov.uk/hydrology/id/measures/315fef3-ecc3-4ad-a35-7bab91dd16f-rainfall-t-864-mm-qualified,2-5-21T9::,21/05/2002,,Complete,Suspect
http://environment.data.gov.uk/hydrology/id/measures/315fef3-ecc3-4ad-a35-7bab91dd16f-rainfall-t-864-mm-qualified,2-5-22T9::,22/05/2002,3,Complete,Suspect
http://environment.data.gov.uk/hydrology/id/measures/315fef3-ecc3-4ad-a35-7bab91dd16f-rainfall-t-864-mm-qualified,2-5-23T9::,23/05/2002,3,Complete,Suspect
http://environment.data.gov.uk/hydrology/id/measures/315fef3-ecc3-4ad-a35-7bab91dd16f-rainfall-t-864-mm-qualified,2-5-24T9::,24/05/2002,4,Complete,Suspect
http://environment.data.gov.uk/hydrology/id/measures/315fef3-ecc3-4ad-a35-7bab91dd16f-rainfall-t-864-mm-qualified,2-5-25T9::,25/05/2002,5,Complete,Suspect
http://environment.data.gov.uk/hydrology/id/measures/315fef3-ecc3-4ad-a35-7bab91dd16f-rainfall-t-864-mm-qualified,2-5-26T9::,26/05/2002,7,Complete,Suspect
http://environment.data.gov.uk/hydrology/id/measures/315fef3-ecc3-4ad-a35-7bab91dd16f-rainfall-t-864-mm-qualified,2-5-27T9::,27/05/2002,15,Complete,Suspect
http://environment.data.gov.uk/hydrology/id/measures/315fef3-ecc3-4ad-a35-7bab91dd16f-rainfall-t-864-mm-qualified,2-5-28T9::,28/05/2002,1,Complete,Suspect
http://environment.data.gov.uk/hydrology/id/measures/315fef3-ecc3-4ad-a35-7bab91dd16f-rainfall-t-864-mm-qualified,2-5-29T9::,29/05/2002,3,Complete,Suspect
http://environment.data.gov.uk/hydrology/id/measures/315fef3-ecc3-4ad-a35-7bab91dd16f-rainfall-t-864-mm-qualified,2-5-3T9::,03/05/2002,2,Complete,Suspect
http://environment.data.gov.uk/hydrology/id/measures/315fef3-ecc3-4ad-a35-7bab91dd16f-rainfall-t-864-mm-qualified,2-5-31T9::,31/05/2002,2,Complete,Suspect
http://environment.data.gov.uk/hydrology/id/measures/315fef3-ecc3-4ad-a35-7bab91dd16f-rainfall-t-864-mm-qualified,2-6-1T9::,01/06/2002,,Complete,Suspect
http://environment.data.gov.uk/hydrology/id/measures/315fef3-ecc3-4ad-a35-7bab91dd16f-rainfall-t-864-mm-qualified,2-6-2T9::,02/06/2002,1,Complete,Suspect
http://environment.data.gov.uk/hydrology/id/measures/315fef3-ecc3-4ad-a35-7bab91dd16f-rainfall-t-864-mm-qualified,2-6-3T9::,03/06/2002,1,Complete,Suspect
http://environment.data.gov.uk/hydrology/id/measures/315fef3-ecc3-4ad-a35-7bab91dd16f-rainfall-t-864-mm-qualified,2-6-4T9::,04/06/2002,,Complete,Suspect
http://environment.data.gov.uk/hydrology/id/measures/315fef3-ecc3-4ad-a35-7bab91dd16f-rainfall-t-864-mm-qualified,2-6-5T9::,05/06/2002,1,Complete,Suspect
http://environment.data.gov.uk/hydrology/id/measures/315fef3-ecc3-4ad-a35-7bab91dd16f-rainfall-t-864-mm-qualified,2-6-6T9::,06/06/2002,4,Complete,Suspect
http://environment.data.gov.uk/hydrology/id/measures/315fef3-ecc3-4ad-a35-7bab91dd16f-rainfall-t-864-mm-qualified,2-6-7T9::,07/06/2002,,Complete,Suspect
http://environment.data.gov.uk/hydrology/id/measures/315fef3-ecc3-4ad-a35-7bab91dd16f-rainfall-t-864-mm-qualified,2-6-8T9::,08/06/2002,13,Complete,Suspect
http://environment.data.gov.uk/hydrology/id/measures/315fef3-ecc3-4ad-a35-7bab91dd16f-rainfall-t-864-mm-qualified,2-6-9T9::,09/06/2002,,Complete,Suspect
http://environment.data.gov.uk/hydrology/id/measures/315fef3-ecc3-4ad-a35-7bab91dd16f-rainfall-t-864-mm-qualified,2-6-1T9::,01/06/2002,,Complete,Suspect
http://environment.data.gov.uk/hydrology/id/measures/315fef3-ecc3-4ad-a35-7bab91dd16f-rainfall-t-864-mm-qualified,2-6-11T9::,11/06/2002,,Complete,Suspect
http://environment.data.gov.uk/hydrology/id/measures/315fef3-ecc3-4ad-a35-7bab91dd16f-rainfall-t-864-mm-qualified,2-6-12T9::,12/06/2002,,Complete,Suspect
http://environment.data.gov.uk/hydrology/id/measures/315fef3-ecc3-4ad-a35-7bab91dd16f-rainfall-t-864-mm-qualified,2-6-13T9::,13/06/2002,,Complete,Suspect
http://environment.data.gov.uk/hydrology/id/measures/315fef3-ecc3-4ad-a35-7bab91dd16f-rainfall-t-864-mm-qualified,2-6-14T9::,14/06/2002,,Complete,Suspect
http://environment.data.gov.uk/hydrology/id/measures/315fef3-ecc3-4ad-a35-7bab91dd16f-rainfall-t-864-mm-qualified,2-6-15T9::,15/06/2002,,Complete,Suspect
http://environment.data.gov.uk/hydrology/id/measures/315fef3-ecc3-4ad-a35-7bab91dd16f-rainfall-t-864-mm-qualified,2-6-16T9::,16/06/2002,,Complete,Suspect
http://environment.data.gov.uk/hydrology/id/measures/315fef3-ecc3-4ad-a35-7bab91dd16f-rainfall-t-864-mm-qualified,2-6-17T9::,17/06/2002,,Complete,Suspect
http://environment.data.gov.uk/hydrology/id/measures/315fef3-ecc3-4ad-a35-7bab91dd16f-rainfall-t-864-mm-qualified,2-6-18T9::,18/06/2002,,Complete,Suspect
http://environment.data.gov.uk/hydrology/id/measures/315fef3-ecc3-4ad-a35-7bab91dd16f-rainfall-t-864-mm-qualified,2-6-19T9::,19/06/2002,1,Complete,Suspect
http://environment.data.gov.uk/hydrology/id/measures/315fef3-ecc3-4ad-a35-7bab91dd16f-rainfall-t-864-mm-qualified,2-6-2T9::,02/06/2002,9,Complete,Suspect
http://environment.data.gov.uk/hydrology/id/measures/315fef3-ecc3-4ad-a35-7bab91dd16f-rainfall-t-864-mm-qualified,2-6-21T9::,21/06/2002,1,Complete,Suspect
http://environment.data.gov.uk/hydrology/id/measures/315fef3-ecc3-4ad-a35-7bab91dd16f-rainfall-t-864-mm-qualified,2-6-22T9::,22/06/2002,2,Complete,Suspect
http://environment.data.gov.uk/hydrology/id/measures/315fef3-ecc3-4ad-a35-7bab91dd16f-rainfall-t-864-mm-qualified,2-6-23T9::,23/06/2002,,Complete,Suspect
http://environment.data.gov.uk/hydrology/id/measures/315fef3-ecc3-4ad-a35-7bab91dd16f-rainfall-t-864-mm-qualified,2-6-24T9::,24/06/2002,,Complete,Suspect
http://environment.data.gov.uk/hydrology/id/measures/315fef3-ecc3-4ad-a35-7bab91dd16f-rainfall-t-864-mm-qualified,2-6-25T9::,25/06/2002,,Complete,Suspect
http://environment.data.gov.uk/hydrology/id/measures/315fef3-ecc3-4ad-a35-7bab91dd16f-rainfall-t-864-mm-qualified,2-6-26T9::,26/06/2002,,Complete,Suspect
http://environment.data.gov.uk/hydrology/id/measures/315fef3-ecc3-4ad-a35-7bab91dd16f-rainfall-t-864-mm-qualified,2-6-27T9::,27/06/2002,,Complete,Suspect
http://environment.data.gov.uk/hydrology/id/measures/315fef3-ecc3-4ad-a35-7bab91dd16f-rainfall-t-864-mm-qualified,2-6-28T9::,28/06/2002,,Complete,Suspect
http://environment.data.gov.uk/hydrology/id/measures/315fef3-ecc3-4ad-a35-7bab91dd16f-rainfall-t-864-mm-qualified,2-6-29T9::,29/06/2002,,Complete,Suspect
http://environment.data.gov.uk/hydrology/id/measures/315fef3-ecc3-4ad-a35-7bab91dd16f-rainfall-t-864-mm-qualified,2-6-3T9::,03/06/2002,1,Complete,Suspect
http://environment.data.gov.uk/hydrology/id/measures/315fef3-ecc3-4ad-a35-7bab91dd16f-rainfall-t-864-mm-qualified,2-7-1T9::,01/07/2002,,Complete,Suspect
http://environment.data.gov.uk/hydrology/id/measures/315fef3-ecc3-4ad-a35-7bab91dd16f-rainfall-t-864-mm-qualified,2-7-2T9::,02/07/2002,2,Complete,Suspect
http://environment.data.gov.uk/hydrology/id/measures/315fef3-ecc3-4ad-a35-7bab91dd16f-rainfall-t-864-mm-qualified,2-7-3T9::,03/07/2002,,Complete,Suspect
http://environment.data.gov.uk/hydrology/id/measures/315fef3-ecc3-4ad-a35-7bab91dd16f-rainfall-t-864-mm-qualified,2-7-4T9::,04/07/2002,9,Complete,Suspect
http://environment.data.gov.uk/hydrology/id/measures/315fef3-ecc3-4ad-a35-7bab91dd16f-rainfall-t-864-mm-qualified,2-7-5T9::,05/07/2002,1,Complete,Suspect
http://environment.data.gov.uk/hydrology/id/measures/315fef3-ecc3-4ad-a35-7bab91dd16f-rainfall-t-864-mm-qualified,2-7-6T9::,06/07/2002,1,Complete,Suspect
http://environment.data.gov.uk/hydrology/id/measures/315fef3-ecc3-4ad-a35-7bab91dd16f-rainfall-t-864-mm-qualified,2-7-7T9::,07/07/2002,,Complete,Suspect
http://environment.data.gov.uk/hydrology/id/measures/315fef3-ecc3-4ad-a35-7bab91dd16f-rainfall-t-864-mm-qualified,2-7-8T9::,08/07/2002,2,Complete,Suspect
http://environment.data.gov.uk/hydrology/id/measures/315fef3-ecc3-4ad-a35-7bab91dd16f-rainfall-t-864-mm-qualified,2-7-9T9::,09/07/2002,6,Complete,Suspect
http://environment.data.gov.uk/hydrology/id/measures/315fef3-ecc3-4ad-a35-7bab91dd16f-rainfall-t-864-mm-qualified,2-7-1T9::,01/07/2002,5,Complete,Suspect
http://environment.data.gov.uk/hydrology/id/measures/315fef3-ecc3-4ad-a35-7bab91dd16f-rainfall-t-864-mm-qualified,2-7-11T9::,11/07/2002,2,Complete,Suspect
http://environment.data.gov.uk/hydrology/id/measures/315fef3-ecc3-4ad-a35-7bab91dd16f-rainfall-t-864-mm-qualified,2-7-12T9::,12/07/2002,1,Complete,Suspect
http://environment.data.gov.uk/hydrology/id/measures/315fef3-ecc3-4ad-a35-7bab91dd16f-rainfall-t-864-mm-qualified,2-7-13T9::,13/07/2002,,Complete,Suspect
http://environment.data.gov.uk/hydrology/id/measures/315fef3-ecc3-4ad-a35-7bab91dd16f-rainfall-t-864-mm-qualified,2-7-14T9::,14/07/2002,,Complete,Suspect
http://environment.data.gov.uk/hydrology/id/measures/315fef3-ecc3-4ad-a35-7bab91dd16f-rainfall-t-864-mm-qualified,2-7-15T9::,15/07/2002,,Complete,Suspect
http://environment.data.gov.uk/hydrology/id/measures/315fef3-ecc3-4ad-a35-7bab91dd16f-rainfall-t-864-mm-qualified,2-7-16T9::,16/07/2002,,Complete,Suspect
http://environment.data.gov.uk/hydrology/id/measures/315fef3-ecc3-4ad-a35-7bab91dd16f-rainfall-t-864-mm-qualified,2-7-17T9::,17/07/2002,,Complete,Suspect
http://environment.data.gov.uk/hydrology/id/measures/315fef3-ecc3-4ad-a35-7bab91dd16f-rainfall-t-864-mm-qualified,2-7-18T9::,18/07/2002,,Complete,Suspect
http://environment.data.gov.uk/hydrology/id/measures/315fef3-ecc3-4ad-a35-7bab91dd16f-rainfall-t-864-mm-qualified,2-7-19T9::,19/07/2002,,Complete,Suspect
http://environment.data.gov.uk/hydrology/id/measures/315fef3-ecc3-4ad-a35-7bab91dd16f-rainfall-t-864-mm-qualified,2-7-2T9::,02/07/2002,,Complete,Suspect
http://environment.data.gov.uk/hydrology/id/measures/315fef3-ecc3-4ad-a35-7bab91dd16f-rainfall-t-864-mm-qualified,2-7-21T9::,21/07/2002,,Complete,Suspect
http://environment.data.gov.uk/hydrology/id/measures/315fef3-ecc3-4ad-a35-7bab91dd16f-rainfall-t-864-mm-qualified,2-7-22T9::,22/07/2002,,Complete,Suspect
http://environment.data.gov.uk/hydrology/id/measures/315fef3-ecc3-4ad-a35-7bab91dd16f-rainfall-t-864-mm-qualified,2-7-23T9::,23/07/2002,,Complete,Suspect
http://environment.data.gov.uk/hydrology/id/measures/315fef3-ecc3-4ad-a35-7bab91dd16f-rainfall-t-864-mm-qualified,2-7-24T9::,24/07/2002,,Complete,Suspect
http://environment.data.gov.uk/hydrology/id/measures/315fef3-ecc3-4ad-a35-7bab91dd16f-rainfall-t-864-mm-qualified,2-7-25T9::,25/07/2002,,Complete,Suspect
http://environment.data.gov.uk/hydrology/id/measures/315fef3-ecc3-4ad-a35-7bab91dd16f-rainfall-t-864-mm-qualified,2-7-26T9::,26/07/2002,,Complete,Suspect
http://environment.data.gov.uk/hydrology/id/measures/315fef3-ecc3-4ad-a35-7bab91dd16f-rainfall-t-864-mm-qualified,2-7-27T9::,27/07/2002,2,Complete,Suspect
http://environment.data.gov.uk/hydrology/id/measures/315fef3-ecc3-4ad-a35-7bab91dd16f-rainfall-t-864-mm-qualified,2-7-28T9::,28/07/2002,18,Complete,Suspect
http://environment.data.gov.uk/hydrology/id/measures/315fef3-ecc3-4ad-a35-7bab91dd16f-rainfall-t-864-mm-qualified,2-7-29T9::,29/07/2002,,Complete,Suspect
http://environment.data.gov.uk/hydrology/id/measures/315fef3-ecc3-4ad-a35-7bab91dd16f-rainfall-t-864-mm-qualified,2-7-3T9::,03/07/2002,,Complete,Suspect
http://environment.data.gov.uk/hydrology/id/measures/315fef3-ecc3-4ad-a35-7bab91dd16f-rainfall-t-864-mm-qualified,2-7-31T9::,31/07/2002,,Complete,Suspect
http://environment.data.gov.uk/hydrology/id/measures/315fef3-ecc3-4ad-a35-7bab91dd16f-rainfall-t-864-mm-qualified,2-8-1T9::,01/08/2002,1,Complete,Suspect
http://environment.data.gov.uk/hydrology/id/measures/315fef3-ecc3-4ad-a35-7bab91dd16f-rainfall-t-864-mm-qualified,2-8-2T9::,02/08/2002,5,Complete,Suspect
http://environment.data.gov.uk/hydrology/id/measures/315fef3-ecc3-4ad-a35-7bab91dd16f-rainfall-t-864-mm-qualified,2-8-3T9::,03/08/2002,,Complete,Suspect
http://environment.data.gov.uk/hydrology/id/measures/315fef3-ecc3-4ad-a35-7bab91dd16f-rainfall-t-864-mm-qualified,2-8-4T9::,04/08/2002,,Complete,Suspect
http://environment.data.gov.uk/hydrology/id/measures/315fef3-ecc3-4ad-a35-7bab91dd16f-rainfall-t-864-mm-qualified,2-8-5T9::,05/08/2002,,Complete,Suspect
http://environment.data.gov.uk/hydrology/id/measures/315fef3-ecc3-4ad-a35-7bab91dd16f-rainfall-t-864-mm-qualified,2-8-6T9::,06/08/2002,,Complete,Suspect
http://environment.data.gov.uk/hydrology/id/measures/315fef3-ecc3-4ad-a35-7bab91dd16f-rainfall-t-864-mm-qualified,2-8-7T9::,07/08/2002,,Complete,Suspect
http://environment.data.gov.uk/hydrology/id/measures/315fef3-ecc3-4ad-a35-7bab91dd16f-rainfall-t-864-mm-qualified,2-8-8T9::,08/08/2002,,Complete,Suspect
http://environment.data.gov.uk/hydrology/id/measures/315fef3-ecc3-4ad-a35-7bab91dd16f-rainfall-t-864-mm-qualified,2-8-9T9::,09/08/2002,,Complete,Suspect
http://environment.data.gov.uk/hydrology/id/measures/315fef3-ecc3-4ad-a35-7bab91dd16f-rainfall-t-864-mm-qualified,2-8-1T9::,01/08/2002,,Complete,Suspect
http://environment.data.gov.uk/hydrology/id/measures/315fef3-ecc3-4ad-a35-7bab91dd16f-rainfall-t-864-mm-qualified,2-8-11T9::,11/08/2002,,Complete,Suspect
http://environment.data.gov.uk/hydrology/id/measures/315fef3-ecc3-4ad-a35-7bab91dd16f-rainfall-t-864-mm-qualified,2-8-12T9::,12/08/2002,2,Complete,Suspect
http://environment.data.gov.uk/hydrology/id/measures/315fef3-ecc3-4ad-a35-7bab91dd16f-rainfall-t-864-mm-qualified,2-8-13T9::,13/08/2002,39,Complete,Suspect
http://environment.data.gov.uk/hydrology/id/measures/315fef3-ecc3-4ad-a35-7bab91dd16f-rainfall-t-864-mm-qualified,2-8-14T9::,14/08/2002,,Complete,Suspect
http://environment.data.gov.uk/hydrology/id/measures/315fef3-ecc3-4ad-a35-7bab91dd16f-rainfall-t-864-mm-qualified,2-8-15T9::,15/08/2002,1,Complete,Suspect
http://environment.data.gov.uk/hydrology/id/measures/315fef3-ecc3-4ad-a35-7bab91dd16f-rainfall-t-864-mm-qualified,2-8-16T9::,16/08/2002,,Complete,Suspect
http://environment.data.gov.uk/hydrology/id/measures/315fef3-ecc3-4ad-a35-7bab91dd16f-rainfall-t-864-mm-qualified,2-8-17T9::,17/08/2002,9,Complete,Suspect
http://environment.data.gov.uk/hydrology/id/measures/315fef3-ecc3-4ad-a35-7bab91dd16f-rainfall-t-864-mm-qualified,2-8-18T9::,18/08/2002,23,Complete,Suspect
http://environment.data.gov.uk/hydrology/id/measures/315fef3-ecc3-4ad-a35-7bab91dd16f-rainfall-t-864-mm-qualified,2-8-19T9::,19/08/2002,,Complete,Suspect
http://environment.data.gov.uk/hydrology/id/measures/315fef3-ecc3-4ad-a35-7bab91dd16f-rainfall-t-864-mm-qualified,2-8-2T9::,02/08/2002,,Complete,Suspect
http://environment.data.gov.uk/hydrology/id/measures/315fef3-ecc3-4ad-a35-7bab91dd16f-rainfall-t-864-mm-qualified,2-8-21T9::,21/08/2002,4,Complete,Suspect
http://environment.data.gov.uk/hydrology/id/measures/315fef3-ecc3-4ad-a35-7bab91dd16f-rainfall-t-864-mm-qualified,2-8-22T9::,22/08/2002,,Complete,Suspect
http://environment.data.gov.uk/hydrology/id/measures/315fef3-ecc3-4ad-a35-7bab91dd16f-rainfall-t-864-mm-qualified,2-8-23T9::,23/08/2002,,Complete,Suspect
http://environment.data.gov.uk/hydrology/id/measures/315fef3-ecc3-4ad-a35-7bab91dd16f-rainfall-t-864-mm-qualified,2-8-24T9::,24/08/2002,,Complete,Suspect
http://environment.data.gov.uk/hydrology/id/measures/315fef3-ecc3-4ad-a35-7bab91dd16f-rainfall-t-864-mm-qualified,2-8-25T9::,25/08/2002,1,Complete,Suspect
http://environment.data.gov.uk/hydrology/id/measures/315fef3-ecc3-4ad-a35-7bab91dd16f-rainfall-t-864-mm-qualified,2-8-26T9::,26/08/2002,1,Complete,Suspect
http://environment.data.gov.uk/hydrology/id/measures/315fef3-ecc3-4ad-a35-7bab91dd16f-rainfall-t-864-mm-qualified,2-8-27T9::,27/08/2002,,Complete,Suspect
http://environment.data.gov.uk/hydrology/id/measures/315fef3-ecc3-4ad-a35-7bab91dd16f-rainfall-t-864-mm-qualified,2-8-28T9::,28/08/2002,,Complete,Suspect
http://environment.data.gov.uk/hydrology/id/measures/315fef3-ecc3-4ad-a35-7bab91dd16f-rainfall-t-864-mm-qualified,2-8-29T9::,29/08/2002,,Complete,Suspect
http://environment.data.gov.uk/hydrology/id/measures/315fef3-ecc3-4ad-a35-7bab91dd16f-rainfall-t-864-mm-qualified,2-8-3T9::,03/08/2002,,Complete,Suspect
http://environment.data.gov.uk/hydrology/id/measures/315fef3-ecc3-4ad-a35-7bab91dd16f-rainfall-t-864-mm-qualified,2-8-31T9::,31/08/2002,6,Complete,Suspect
http://environment.data.gov.uk/hydrology/id/measures/315fef3-ecc3-4ad-a35-7bab91dd16f-rainfall-t-864-mm-qualified,2-9-1T9::,01/09/2002,8,Complete,Suspect
http://environment.data.gov.uk/hydrology/id/measures/315fef3-ecc3-4ad-a35-7bab91dd16f-rainfall-t-864-mm-qualified,2-9-2T9::,02/09/2002,2,Complete,Suspect
http://environment.data.gov.uk/hydrology/id/measures/315fef3-ecc3-4ad-a35-7bab91dd16f-rainfall-t-864-mm-qualified,2-9-3T9::,03/09/2002,,Complete,Suspect
http://environment.data.gov.uk/hydrology/id/measures/315fef3-ecc3-4ad-a35-7bab91dd16f-rainfall-t-864-mm-qualified,2-9-4T9::,04/09/2002,,Complete,Suspect
http://environment.data.gov.uk/hydrology/id/measures/315fef3-ecc3-4ad-a35-7bab91dd16f-rainfall-t-864-mm-qualified,2-9-5T9::,05/09/2002,1,Complete,Suspect
http://environment.data.gov.uk/hydrology/id/measures/315fef3-ecc3-4ad-a35-7bab91dd16f-rainfall-t-864-mm-qualified,2-9-6T9::,06/09/2002,1,Complete,Suspect
http://environment.data.gov.uk/hydrology/id/measures/315fef3-ecc3-4ad-a35-7bab91dd16f-rainfall-t-864-mm-qualified,2-9-7T9::,07/09/2002,,Complete,Suspect
http://environment.data.gov.uk/hydrology/id/measures/315fef3-ecc3-4ad-a35-7bab91dd16f-rainfall-t-864-mm-qualified,2-9-8T9::,08/09/2002,,Complete,Suspect
http://environment.data.gov.uk/hydrology/id/measures/315fef3-ecc3-4ad-a35-7bab91dd16f-rainfall-t-864-mm-qualified,2-9-9T9::,09/09/2002,1,Complete,Suspect
http://environment.data.gov.uk/hydrology/id/measures/315fef3-ecc3-4ad-a35-7bab91dd16f-rainfall-t-864-mm-qualified,2-9-1T9::,01/09/2002,,Complete,Suspect
http://environment.data.gov.uk/hydrology/id/measures/315fef3-ecc3-4ad-a35-7bab91dd16f-rainfall-t-864-mm-qualified,2-9-11T9::,11/09/2002,,Complete,Suspect
http://environment.data.gov.uk/hydrology/id/measures/315fef3-ecc3-4ad-a35-7bab91dd16f-rainfall-t-864-mm-qualified,2-9-12T9::,12/09/2002,,Complete,Suspect
http://environment.data.gov.uk/hydrology/id/measures/315fef3-ecc3-4ad-a35-7bab91dd16f-rainfall-t-864-mm-qualified,2-9-13T9::,13/09/2002,,Complete,Suspect
http://environment.data.gov.uk/hydrology/id/measures/315fef3-ecc3-4ad-a35-7bab91dd16f-rainfall-t-864-mm-qualified,2-9-14T9::,14/09/2002,15,Complete,Suspect
http://environment.data.gov.uk/hydrology/id/measures/315fef3-ecc3-4ad-a35-7bab91dd16f-rainfall-t-864-mm-qualified,2-9-15T9::,15/09/2002,7,Complete,Suspect
http://environment.data.gov.uk/hydrology/id/measures/315fef3-ecc3-4ad-a35-7bab91dd16f-rainfall-t-864-mm-qualified,2-9-16T9::,16/09/2002,,Complete,Suspect
http://environment.data.gov.uk/hydrology/id/measures/315fef3-ecc3-4ad-a35-7bab91dd16f-rainfall-t-864-mm-qualified,2-9-17T9::,17/09/2002,1,Complete,Suspect
http://environment.data.gov.uk/hydrology/id/measures/315fef3-ecc3-4ad-a35-7bab91dd16f-rainfall-t-864-mm-qualified,2-9-18T9::,18/09/2002,1,Complete,Suspect
http://environment.data.gov.uk/hydrology/id/measures/315fef3-ecc3-4ad-a35-7bab91dd16f-rainfall-t-864-mm-qualified,2-9-19T9::,19/09/2002,7,Complete,Suspect
http://environment.data.gov.uk/hydrology/id/measures/315fef3-ecc3-4ad-a35-7bab91dd16f-rainfall-t-864-mm-qualified,2-9-2T9::,02/09/2002,5,Complete,Suspect
http://environment.data.gov.uk/hydrology/id/measures/315fef3-ecc3-4ad-a35-7bab91dd16f-rainfall-t-864-mm-qualified,2-9-21T9::,21/09/2002,8,Complete,Suspect
http://environment.data.gov.uk/hydrology/id/measures/315fef3-ecc3-4ad-a35-7bab91dd16f-rainfall-t-864-mm-qualified,2-9-22T9::,22/09/2002,7,Complete,Suspect
http://environment.data.gov.uk/hydrology/id/measures/315fef3-ecc3-4ad-a35-7bab91dd16f-rainfall-t-864-mm-qualified,2-9-23T9::,23/09/2002,5,Complete,Suspect
http://environment.data.gov.uk/hydrology/id/measures/315fef3-ecc3-4ad-a35-7bab91dd16f-rainfall-t-864-mm-qualified,2-9-24T9::,24/09/2002,1,Complete,Suspect
http://environment.data.gov.uk/hydrology/id/measures/315fef3-ecc3-4ad-a35-7bab91dd16f-rainfall-t-864-mm-qualified,2-9-25T9::,25/09/2002,14,Complete,Suspect
http://environment.data.gov.uk/hydrology/id/measures/315fef3-ecc3-4ad-a35-7bab91dd16f-rainfall-t-864-mm-qualified,2-9-26T9::,26/09/2002,1,Complete,Suspect
http://environment.data.gov.uk/hydrology/id/measures/315fef3-ecc3-4ad-a35-7bab91dd16f-rainfall-t-864-mm-qualified,2-9-27T9::,27/09/2002,18,Complete,Suspect
http://environment.data.gov.uk/hydrology/id/measures/315fef3-ecc3-4ad-a35-7bab91dd16f-rainfall-t-864-mm-qualified,2-9-28T9::,28/09/2002,3,Complete,Suspect
http://environment.data.gov.uk/hydrology/id/measures/315fef3-ecc3-4ad-a35-7bab91dd16f-rainfall-t-864-mm-qualified,2-9-29T9::,29/09/2002,,Complete,Suspect
http://environment.data.gov.uk/hydrology/id/measures/315fef3-ecc3-4ad-a35-7bab91dd16f-rainfall-t-864-mm-qualified,2-9-3T9::,03/09/2002,,Complete,Suspect
http://environment.data.gov.uk/hydrology/id/measures/315fef3-ecc3-4ad-a35-7bab91dd16f-rainfall-t-864-mm-qualified,2-1-1T9::,01/01/2002,1,Complete,Suspect
http://environment.data.gov.uk/hydrology/id/measures/315fef3-ecc3-4ad-a35-7bab91dd16f-rainfall-t-864-mm-qualified,2-1-2T9::,02/01/2002,,Complete,Suspect
http://environment.data.gov.uk/hydrology/id/measures/315fef3-ecc3-4ad-a35-7bab91dd16f-rainfall-t-864-mm-qualified,2-1-3T9::,03/01/2002,2,Complete,Suspect
http://environment.data.gov.uk/hydrology/id/measures/315fef3-ecc3-4ad-a35-7bab91dd16f-rainfall-t-864-mm-qualified,2-1-4T9::,04/01/2002,,Complete,Suspect
http://environment.data.gov.uk/hydrology/id/measures/315fef3-ecc3-4ad-a35-7bab91dd16f-rainfall-t-864-mm-qualified,2-1-5T9::,05/01/2002,1,Complete,Suspect
http://environment.data.gov.uk/hydrology/id/measures/315fef3-ecc3-4ad-a35-7bab91dd16f-rainfall-t-864-mm-qualified,2-1-6T9::,06/01/2002,,Complete,Suspect
http://environment.data.gov.uk/hydrology/id/measures/315fef3-ecc3-4ad-a35-7bab91dd16f-rainfall-t-864-mm-qualified,2-1-7T9::,07/01/2002,2,Complete,Suspect
http://environment.data.gov.uk/hydrology/id/measures/315fef3-ecc3-4ad-a35-7bab91dd16f-rainfall-t-864-mm-qualified,2-1-8T9::,08/01/2002,6,Complete,Suspect
http://environment.data.gov.uk/hydrology/id/measures/315fef3-ecc3-4ad-a35-7bab91dd16f-rainfall-t-864-mm-qualified,2-1-9T9::,09/01/2002,29,Complete,Suspect
http://environment.data.gov.uk/hydrology/id/measures/315fef3-ecc3-4ad-a35-7bab91dd16f-rainfall-t-864-mm-qualified,2-1-1T9::,01/01/2002,12,Complete,Suspect
http://environment.data.gov.uk/hydrology/id/measures/315fef3-ecc3-4ad-a35-7bab91dd16f-rainfall-t-864-mm-qualified,2-1-11T9::,11/01/2002,18,Complete,Suspect
http://environment.data.gov.uk/hydrology/id/measures/315fef3-ecc3-4ad-a35-7bab91dd16f-rainfall-t-864-mm-qualified,2-1-12T9::,12/01/2002,1,Complete,Suspect
http://environment.data.gov.uk/hydrology/id/measures/315fef3-ecc3-4ad-a35-7bab91dd16f-rainfall-t-864-mm-qualified,2-1-13T9::,13/01/2002,1,Complete,Suspect
http://environment.data.gov.uk/hydrology/id/measures/315fef3-ecc3-4ad-a35-7bab91dd16f-rainfall-t-864-mm-qualified,2-1-14T9::,14/01/2002,3,Complete,Suspect
http://environment.data.gov.uk/hydrology/id/measures/315fef3-ecc3-4ad-a35-7bab91dd16f-rainfall-t-864-mm-qualified,2-1-15T9::,15/01/2002,,Complete,Suspect
http://environment.data.gov.uk/hydrology/id/measures/315fef3-ecc3-4ad-a35-7bab91dd16f-rainfall-t-864-mm-qualified,2-1-16T9::,16/01/2002,,Complete,Suspect
http://environment.data.gov.uk/hydrology/id/measures/315fef3-ecc3-4ad-a35-7bab91dd16f-rainfall-t-864-mm-qualified,2-1-17T9::,17/01/2002,7,Complete,Suspect
http://environment.data.gov.uk/hydrology/id/measures/315fef3-ecc3-4ad-a35-7bab91dd16f-rainfall-t-864-mm-qualified,2-1-18T9::,18/01/2002,1,Complete,Suspect
http://environment.data.gov.uk/hydrology/id/measures/315fef3-ecc3-4ad-a35-7bab91dd16f-rainfall-t-864-mm-qualified,2-1-19T9::,19/01/2002,4,Complete,Suspect
http://environment.data.gov.uk/hydrology/id/measures/315fef3-ecc3-4ad-a35-7bab91dd16f-rainfall-t-864-mm-qualified,2-1-2T9::,02/01/2002,9,Complete,Suspect
http://environment.data.gov.uk/hydrology/id/measures/315fef3-ecc3-4ad-a35-7bab91dd16f-rainfall-t-864-mm-qualified,2-1-21T9::,21/01/2002,1,Complete,Suspect
http://environment.data.gov.uk/hydrology/id/measures/315fef3-ecc3-4ad-a35-7bab91dd16f-rainfall-t-864-mm-qualified,2-1-22T9::,22/01/2002,2,Complete,Suspect
http://environment.data.gov.uk/hydrology/id/measures/315fef3-ecc3-4ad-a35-7bab91dd16f-rainfall-t-864-mm-qualified,2-1-23T9::,23/01/2002,,Complete,Suspect
http://environment.data.gov.uk/hydrology/id/measures/315fef3-ecc3-4ad-a35-7bab91dd16f-rainfall-t-864-mm-qualified,2-1-24T9::,24/01/2002,1,Complete,Suspect
http://environment.data.gov.uk/hydrology/id/measures/315fef3-ecc3-4ad-a35-7bab91dd16f-rainfall-t-864-mm-qualified,2-1-25T9::,25/01/2002,1,Complete,Suspect
http://environment.data.gov.uk/hydrology/id/measures/315fef3-ecc3-4ad-a35-7bab91dd16f-rainfall-t-864-mm-qualified,2-1-26T9::,26/01/2002,2,Complete,Suspect
http://environment.data.gov.uk/hydrology/id/measures/315fef3-ecc3-4ad-a35-7bab91dd16f-rainfall-t-864-mm-qualified,2-1-27T9::,27/01/2002,13,Complete,Suspect
http://environment.data.gov.uk/hydrology/id/measures/315fef3-ecc3-4ad-a35-7bab91dd16f-rainfall-t-864-mm-qualified,2-1-28T9::,28/01/2002,12,Complete,Suspect
http://environment.data.gov.uk/hydrology/id/measures/315fef3-ecc3-4ad-a35-7bab91dd16f-rainfall-t-864-mm-qualified,2-1-29T9::,29/01/2002,42,Complete,Suspect
http://environment.data.gov.uk/hydrology/id/measures/315fef3-ecc3-4ad-a35-7bab91dd16f-rainfall-t-864-mm-qualified,2-1-3T9::,03/01/2002,8,Complete,Suspect
http://environment.data.gov.uk/hydrology/id/measures/315fef3-ecc3-4ad-a35-7bab91dd16f-rainfall-t-864-mm-qualified,2-1-31T9::,31/01/2002,3,Complete,Suspect
http://environment.data.gov.uk/hydrology/id/measures/315fef3-ecc3-4ad-a35-7bab91dd16f-rainfall-t-864-mm-qualified,2-11-1T9::,01/11/2002,8,Complete,Suspect
http://environment.data.gov.uk/hydrology/id/measures/315fef3-ecc3-4ad-a35-7bab91dd16f-rainfall-t-864-mm-qualified,2-11-2T9::,02/11/2002,2,Complete,Suspect
http://environment.data.gov.uk/hydrology/id/measures/315fef3-ecc3-4ad-a35-7bab91dd16f-rainfall-t-864-mm-qualified,2-11-3T9::,03/11/2002,1,Complete,Suspect
http://environment.data.gov.uk/hydrology/id/measures/315fef3-ecc3-4ad-a35-7bab91dd16f-rainfall-t-864-mm-qualified,2-11-4T9::,04/11/2002,2,Complete,Suspect
http://environment.data.gov.uk/hydrology/id/measures/315fef3-ecc3-4ad-a35-7bab91dd16f-rainfall-t-864-mm-qualified,2-11-5T9::,05/11/2002,39,Complete,Suspect
http://environment.data.gov.uk/hydrology/id/measures/315fef3-ecc3-4ad-a35-7bab91dd16f-rainfall-t-864-mm-qualified,2-11-6T9::,06/11/2002,6,Complete,Suspect
http://environment.data.gov.uk/hydrology/id/measures/315fef3-ecc3-4ad-a35-7bab91dd16f-rainfall-t-864-mm-qualified,2-11-7T9::,07/11/2002,1,Complete,Suspect
http://environment.data.gov.uk/hydrology/id/measures/315fef3-ecc3-4ad-a35-7bab91dd16f-rainfall-t-864-mm-qualified,2-11-8T9::,08/11/2002,2,Complete,Suspect
http://environment.data.gov.uk/hydrology/id/measures/315fef3-ecc3-4ad-a35-7bab91dd16f-rainfall-t-864-mm-qualified,2-11-9T9::,09/11/2002,,Complete,Suspect
http://environment.data.gov.uk/hydrology/id/measures/315fef3-ecc3-4ad-a35-7bab91dd16f-rainfall-t-864-mm-qualified,2-11-1T9::,01/11/2002,6,Complete,Suspect
http://environment.data.gov.uk/hydrology/id/measures/315fef3-ecc3-4ad-a35-7bab91dd16f-rainfall-t-864-mm-qualified,2-11-11T9::,11/11/2002,8,Complete,Suspect
http://environment.data.gov.uk/hydrology/id/measures/315fef3-ecc3-4ad-a35-7bab91dd16f-rainfall-t-864-mm-qualified,2-11-12T9::,12/11/2002,1,Complete,Suspect
http://environment.data.gov.uk/hydrology/id/measures/315fef3-ecc3-4ad-a35-7bab91dd16f-rainfall-t-864-mm-qualified,2-11-13T9::,13/11/2002,,Complete,Suspect
http://environment.data.gov.uk/hydrology/id/measures/315fef3-ecc3-4ad-a35-7bab91dd16f-rainfall-t-864-mm-qualified,2-11-14T9::,14/11/2002,2,Complete,Suspect
http://environment.data.gov.uk/hydrology/id/measures/315fef3-ecc3-4ad-a35-7bab91dd16f-rainfall-t-864-mm-qualified,2-11-15T9::,15/11/2002,12,Complete,Suspect
http://environment.data.gov.uk/hydrology/id/measures/315fef3-ecc3-4ad-a35-7bab91dd16f-rainfall-t-864-mm-qualified,2-11-16T9::,16/11/2002,6,Complete,Suspect
http://environment.data.gov.uk/hydrology/id/measures/315fef3-ecc3-4ad-a35-7bab91dd16f-rainfall-t-864-mm-qualified,2-11-17T9::,17/11/2002,1,Complete,Suspect
http://environment.data.gov.uk/hydrology/id/measures/315fef3-ecc3-4ad-a35-7bab91dd16f-rainfall-t-864-mm-qualified,2-11-18T9::,18/11/2002,4,Complete,Suspect
http://environment.data.gov.uk/hydrology/id/measures/315fef3-ecc3-4ad-a35-7bab91dd16f-rainfall-t-864-mm-qualified,2-11-19T9::,19/11/2002,11,Complete,Suspect
http://environment.data.gov.uk/hydrology/id/measures/315fef3-ecc3-4ad-a35-7bab91dd16f-rainfall-t-864-mm-qualified,2-11-2T9::,02/11/2002,2,Complete,Suspect
http://environment.data.gov.uk/hydrology/id/measures/315fef3-ecc3-4ad-a35-7bab91dd16f-rainfall-t-864-mm-qualified,2-11-21T9::,21/11/2002,11,Complete,Suspect
http://environment.data.gov.uk/hydrology/id/measures/315fef3-ecc3-4ad-a35-7bab91dd16f-rainfall-t-864-mm-qualified,2-11-22T9::,22/11/2002,4,Complete,Suspect
http://environment.data.gov.uk/hydrology/id/measures/315fef3-ecc3-4ad-a35-7bab91dd16f-rainfall-t-864-mm-qualified,2-11-23T9::,23/11/2002,1,Complete,Suspect
http://environment.data.gov.uk/hydrology/id/measures/315fef3-ecc3-4ad-a35-7bab91dd16f-rainfall-t-864-mm-qualified,2-11-24T9::,24/11/2002,8,Complete,Suspect
http://environment.data.gov.uk/hydrology/id/measures/315fef3-ecc3-4ad-a35-7bab91dd16f-rainfall-t-864-mm-qualified,2-11-25T9::,25/11/2002,1,Complete,Suspect
http://environment.data.gov.uk/hydrology/id/measures/315fef3-ecc3-4ad-a35-7bab91dd16f-rainfall-t-864-mm-qualified,2-11-26T9::,26/11/2002,3,Complete,Suspect
http://environment.data.gov.uk/hydrology/id/measures/315fef3-ecc3-4ad-a35-7bab91dd16f-rainfall-t-864-mm-qualified,2-11-27T9::,27/11/2002,9,Complete,Suspect
http://environment.data.gov.uk/hydrology/id/measures/315fef3-ecc3-4ad-a35-7bab91dd16f-rainfall-t-864-mm-qualified,2-11-28T9::,28/11/2002,,Complete,Suspect
http://environment.data.gov.uk/hydrology/id/measures/315fef3-ecc3-4ad-a35-7bab91dd16f-rainfall-t-864-mm-qualified,2-11-29T9::,29/11/2002,,Complete,Suspect
http://environment.data.gov.uk/hydrology/id/measures/315fef3-ecc3-4ad-a35-7bab91dd16f-rainfall-t-864-mm-qualified,2-11-3T9::,03/11/2002,6,Complete,Suspect
http://environment.data.gov.uk/hydrology/id/measures/315fef3-ecc3-4ad-a35-7bab91dd16f-rainfall-t-864-mm-qualified,2-12-1T9::,01/12/2002,,Complete,Suspect
http://environment.data.gov.uk/hydrology/id/measures/315fef3-ecc3-4ad-a35-7bab91dd16f-rainfall-t-864-mm-qualified,2-12-2T9::,02/12/2002,,Complete,Suspect
http://environment.data.gov.uk/hydrology/id/measures/315fef3-ecc3-4ad-a35-7bab91dd16f-rainfall-t-864-mm-qualified,2-12-3T9::,03/12/2002,,Complete,Suspect
http://environment.data.gov.uk/hydrology/id/measures/315fef3-ecc3-4ad-a35-7bab91dd16f-rainfall-t-864-mm-qualified,2-12-4T9::,04/12/2002,,Complete,Suspect
http://environment.data.gov.uk/hydrology/id/measures/315fef3-ecc3-4ad-a35-7bab91dd16f-rainfall-t-864-mm-qualified,2-12-5T9::,05/12/2002,,Complete,Suspect
http://environment.data.gov.uk/hydrology/id/measures/315fef3-ecc3-4ad-a35-7bab91dd16f-rainfall-t-864-mm-qualified,2-12-6T9::,06/12/2002,,Complete,Suspect
http://environment.data.gov.uk/hydrology/id/measures/315fef3-ecc3-4ad-a35-7bab91dd16f-rainfall-t-864-mm-qualified,2-12-7T9::,07/12/2002,,Complete,Suspect
http://environment.data.gov.uk/hydrology/id/measures/315fef3-ecc3-4ad-a35-7bab91dd16f-rainfall-t-864-mm-qualified,2-12-8T9::,08/12/2002,,Complete,Suspect
http://environment.data.gov.uk/hydrology/id/measures/315fef3-ecc3-4ad-a35-7bab91dd16f-rainfall-t-864-mm-qualified,2-12-9T9::,09/12/2002,,Complete,Suspect
http://environment.data.gov.uk/hydrology/id/measures/315fef3-ecc3-4ad-a35-7bab91dd16f-rainfall-t-864-mm-qualified,2-12-1T9::,01/12/2002,,Complete,Suspect
http://environment.data.gov.uk/hydrology/id/measures/315fef3-ecc3-4ad-a35-7bab91dd16f-rainfall-t-864-mm-qualified,2-12-11T9::,11/12/2002,,Complete,Suspect
http://environment.data.gov.uk/hydrology/id/measures/315fef3-ecc3-4ad-a35-7bab91dd16f-rainfall-t-864-mm-qualified,2-12-12T9::,12/12/2002,,Complete,Suspect
http://environment.data.gov.uk/hydrology/id/measures/315fef3-ecc3-4ad-a35-7bab91dd16f-rainfall-t-864-mm-qualified,2-12-13T9::,13/12/2002,,Complete,Suspect
http://environment.data.gov.uk/hydrology/id/measures/315fef3-ecc3-4ad-a35-7bab91dd16f-rainfall-t-864-mm-qualified,2-12-14T9::,14/12/2002,,Complete,Suspect
http://environment.data.gov.uk/hydrology/id/measures/315fef3-ecc3-4ad-a35-7bab91dd16f-rainfall-t-864-mm-qualified,2-12-15T9::,15/12/2002,,Complete,Suspect
http://environment.data.gov.uk/hydrology/id/measures/315fef3-ecc3-4ad-a35-7bab91dd16f-rainfall-t-864-mm-qualified,2-12-16T9::,16/12/2002,,Complete,Suspect
http://environment.data.gov.uk/hydrology/id/measures/315fef3-ecc3-4ad-a35-7bab91dd16f-rainfall-t-864-mm-qualified,2-12-17T9::,17/12/2002,,Complete,Suspect
http://environment.data.gov.uk/hydrology/id/measures/315fef3-ecc3-4ad-a35-7bab91dd16f-rainfall-t-864-mm-qualified,2-12-18T9::,18/12/2002,,Complete,Suspect
http://environment.data.gov.uk/hydrology/id/measures/315fef3-ecc3-4ad-a35-7bab91dd16f-rainfall-t-864-mm-qualified,2-12-19T9::,19/12/2002,,Complete,Suspect
http://environment.data.gov.uk/hydrology/id/measures/315fef3-ecc3-4ad-a35-7bab91dd16f-rainfall-t-864-mm-qualified,2-12-2T9::,02/12/2002,,Complete,Suspect
http://environment.data.gov.uk/hydrology/id/measures/315fef3-ecc3-4ad-a35-7bab91dd16f-rainfall-t-864-mm-qualified,2-12-21T9::,21/12/2002,,Complete,Suspect
http://environment.data.gov.uk/hydrology/id/measures/315fef3-ecc3-4ad-a35-7bab91dd16f-rainfall-t-864-mm-qualified,2-12-22T9::,22/12/2002,,Complete,Suspect
http://environment.data.gov.uk/hydrology/id/measures/315fef3-ecc3-4ad-a35-7bab91dd16f-rainfall-t-864-mm-qualified,2-12-23T9::,23/12/2002,,Complete,Suspect
http://environment.data.gov.uk/hydrology/id/measures/315fef3-ecc3-4ad-a35-7bab91dd16f-rainfall-t-864-mm-qualified,2-12-24T9::,24/12/2002,,Complete,Suspect
http://environment.data.gov.uk/hydrology/id/measures/315fef3-ecc3-4ad-a35-7bab91dd16f-rainfall-t-864-mm-qualified,2-12-25T9::,25/12/2002,,Complete,Suspect
http://environment.data.gov.uk/hydrology/id/measures/315fef3-ecc3-4ad-a35-7bab91dd16f-rainfall-t-864-mm-qualified,2-12-26T9::,26/12/2002,,Complete,Suspect
http://environment.data.gov.uk/hydrology/id/measures/315fef3-ecc3-4ad-a35-7bab91dd16f-rainfall-t-864-mm-qualified,2-12-27T9::,27/12/2002,,Complete,Suspect
http://environment.data.gov.uk/hydrology/id/measures/315fef3-ecc3-4ad-a35-7bab91dd16f-rainfall-t-864-mm-qualified,2-12-28T9::,28/12/2002,,Complete,Suspect
http://environment.data.gov.uk/hydrology/id/measures/315fef3-ecc3-4ad-a35-7bab91dd16f-rainfall-t-864-mm-qualified,2-12-29T9::,29/12/2002,,Complete,Suspect
http://environment.data.gov.uk/hydrology/id/measures/315fef3-ecc3-4ad-a35-7bab91dd16f-rainfall-t-864-mm-qualified,2-12-3T9::,03/12/2002,,Complete,Suspect
http://environment.data.gov.uk/hydrology/id/measures/315fef3-ecc3-4ad-a35-7bab91dd16f-rainfall-t-864-mm-qualified,2-12-31T9::,31/12/2002,,Complete,Suspect
